filename,read_counts
AZ_A10.fastq,1430710
AZ_A11.fastq,1105884
AZ_A6.fastq,1276330
AZ_A7.fastq,3386434
AZ_A8.fastq,880487
AZ_B10.fastq,997847
AZ_B11.fastq,5128201
AZ_B12.fastq,3654384
AZ_B1.fastq,2504844
AZ_B2.fastq,1481060
AZ_B3.fastq,4629946
AZ_B5.fastq,3710247
AZ_B8.fastq,2498785
AZ_B9.fastq,918348
AZ_C10.fastq,1293983
AZ_C11.fastq,2166290
AZ_C1.fastq,3112168
AZ_C2.fastq,2041125
AZ_C3.fastq,3164537
AZ_C4.fastq,1574779
AZ_C5.fastq,2673383
AZ_C8.fastq,2170822
AZ_C9.fastq,1139534
AZ_D12.fastq,961130
AZ_D4.fastq,1021552
AZ_D6.fastq,849266
AZ_D7.fastq,1260605
AZ_D8.fastq,1189404
AZ_E12.fastq,2106397
AZ_E2.fastq,1105424
AZ_E3.fastq,1116025
AZ_E4.fastq,1456435
AZ_E5.fastq,2146093
AZ_E7.fastq,2761532
AZ_E8.fastq,1927300
AZ_F1.fastq,2954562
AZ_F2.fastq,900627
AZ_F4.fastq,1894918
AZ_F5.fastq,1413116
AZ_F6.fastq,4753907
AZ_F7.fastq,4022153
AZ_F8.fastq,1532111
AZ_G1.fastq,1679306
AZ_G3.fastq,946274
AZ_G5.fastq,1130914
AZ_G6.fastq,2819032
AZ_H10.fastq,2107850
AZ_H11.fastq,1699531
HP1502401_A10.fastq,2660076
HP1502401_A14.fastq,1072802
HP1502401_A17.fastq,1255075
HP1502401_A18.fastq,2414674
HP1502401_A22.fastq,2529777
HP1502401_A24.fastq,2225212
HP1502401_A2.fastq,3213679
HP1502401_A4.fastq,2507373
HP1502401_A5.fastq,1085596
HP1502401_A6.fastq,2020764
HP1502401_A7.fastq,2506928
HP1502401_B10.fastq,1590086
HP1502401_B16.fastq,1161311
HP1502401_B17.fastq,1528646
HP1502401_B18.fastq,1736263
HP1502401_B1.fastq,1983811
HP1502401_B20.fastq,1049911
HP1502401_B21.fastq,1967025
HP1502401_B23.fastq,1612810
HP1502401_B24.fastq,1313897
HP1502401_B5.fastq,1432660
HP1502401_B7.fastq,1127436
HP1502401_B8.fastq,2526405
HP1502401_C10.fastq,2238910
HP1502401_C14.fastq,1527458
HP1502401_C16.fastq,1373341
HP1502401_C18.fastq,1651639
HP1502401_C1.fastq,833657
HP1502401_C20.fastq,1798859
HP1502401_C21.fastq,2207873
HP1502401_C4.fastq,1553833
HP1502401_C5.fastq,2456945
HP1502401_C6.fastq,1167819
HP1502401_C7.fastq,1745473
HP1502401_C8.fastq,1264629
HP1502401_D10.fastq,3071741
HP1502401_D12.fastq,2292384
HP1502401_D16.fastq,1546291
HP1502401_D17.fastq,1323564
HP1502401_D18.fastq,2414810
HP1502401_D1.fastq,1562871
HP1502401_D20.fastq,2159694
HP1502401_D22.fastq,1924892
HP1502401_D24.fastq,1959299
HP1502401_D2.fastq,3330107
HP1502401_D3.fastq,1685103
HP1502401_D4.fastq,2629200
HP1502401_D5.fastq,3604612
HP1502401_D6.fastq,2338377
HP1502401_D8.fastq,1901903
HP1502401_E10.fastq,2566980
HP1502401_E11.fastq,2338566
HP1502401_E14.fastq,1095283
HP1502401_E16.fastq,983034
HP1502401_E17.fastq,1738792
HP1502401_E19.fastq,2118471
HP1502401_E20.fastq,2529460
HP1502401_E21.fastq,2742833
HP1502401_E22.fastq,1005344
HP1502401_E23.fastq,2455509
HP1502401_E24.fastq,1104591
HP1502401_E2.fastq,2466951
HP1502401_E3.fastq,1503524
HP1502401_E5.fastq,2473384
HP1502401_E6.fastq,768683
HP1502401_E7.fastq,2051099
HP1502401_E9.fastq,1312110
HP1502401_F10.fastq,2491312
HP1502401_F12.fastq,2966134
HP1502401_F15.fastq,1194326
HP1502401_F16.fastq,1090391
HP1502401_F17.fastq,1164693
HP1502401_F18.fastq,1752080
HP1502401_F19.fastq,2227235
HP1502401_F20.fastq,2348006
HP1502401_F21.fastq,2726627
HP1502401_F22.fastq,2367773
HP1502401_F23.fastq,2316105
HP1502401_F24.fastq,1010939
HP1502401_G10.fastq,1506137
HP1502401_G11.fastq,2700647
HP1502401_G12.fastq,758688
HP1502401_G18.fastq,2592901
HP1502401_G20.fastq,2160015
HP1502401_G21.fastq,787949
HP1502401_G22.fastq,1033144
HP1502401_G23.fastq,2559759
HP1502401_G24.fastq,2802565
HP1502401_G2.fastq,901882
HP1502401_G4.fastq,2418543
HP1502401_G5.fastq,2790857
HP1502401_G6.fastq,1195741
HP1502401_G7.fastq,2523612
HP1502401_G8.fastq,2144815
HP1502401_H10.fastq,1169807
HP1502401_H11.fastq,1951095
HP1502401_H12.fastq,2137491
HP1502401_H15.fastq,1549011
HP1502401_H16.fastq,1780826
HP1502401_H18.fastq,1803360
HP1502401_H19.fastq,1678092
HP1502401_H1.fastq,1513375
HP1502401_H20.fastq,1907230
HP1502401_H21.fastq,2342307
HP1502401_H22.fastq,1844845
HP1502401_H23.fastq,2091556
HP1502401_H24.fastq,2157491
HP1502401_H2.fastq,1462133
HP1502401_H3.fastq,1796167
HP1502401_H4.fastq,1933021
HP1502401_H5.fastq,2373931
HP1502401_H6.fastq,1111400
HP1502401_H8.fastq,2127793
HP1502401_I10.fastq,1012960
HP1502401_I11.fastq,1162888
HP1502401_I12.fastq,1126444
HP1502401_I14.fastq,2031274
HP1502401_I15.fastq,1651362
HP1502401_I16.fastq,1214400
HP1502401_I17.fastq,1057580
HP1502401_I18.fastq,1247593
HP1502401_I1.fastq,2707728
HP1502401_I21.fastq,2922750
HP1502401_I22.fastq,1771301
HP1502401_I23.fastq,2327091
HP1502401_I24.fastq,2145471
HP1502401_I2.fastq,2589102
HP1502401_I4.fastq,2278177
HP1502401_I6.fastq,1809700
HP1502401_I8.fastq,1049537
HP1502401_I9.fastq,1408881
HP1502401_J10.fastq,3424816
HP1502401_J11.fastq,1120459
HP1502401_J12.fastq,2709198
HP1502401_J15.fastq,1432474
HP1502401_J16.fastq,1087588
HP1502401_J17.fastq,2289619
HP1502401_J18.fastq,2392540
HP1502401_J19.fastq,2227235
HP1502401_J1.fastq,2717792
HP1502401_J20.fastq,2645377
HP1502401_J21.fastq,2786095
HP1502401_J22.fastq,2100037
HP1502401_J23.fastq,2772301
HP1502401_J24.fastq,2122215
HP1502401_J2.fastq,3220878
HP1502401_J4.fastq,1533020
HP1502401_J6.fastq,3062469
HP1502401_J8.fastq,2682974
HP1502401_K10.fastq,2490487
HP1502401_K14.fastq,2029213
HP1502401_K16.fastq,1589011
HP1502401_K17.fastq,1199770
HP1502401_K19.fastq,1099936
HP1502401_K20.fastq,2272380
HP1502401_K21.fastq,2768378
HP1502401_K22.fastq,1897165
HP1502401_K23.fastq,1558316
HP1502401_K24.fastq,2552097
HP1502401_K2.fastq,1974056
HP1502401_K3.fastq,1333671
HP1502401_K5.fastq,2283847
HP1502401_K6.fastq,1909308
HP1502401_K9.fastq,1964755
HP1502401_L10.fastq,2559545
HP1502401_L11.fastq,991884
HP1502401_L12.fastq,2077141
HP1502401_L13.fastq,754186
HP1502401_L14.fastq,1899378
HP1502401_L15.fastq,1712789
HP1502401_L16.fastq,1553180
HP1502401_L17.fastq,1269322
HP1502401_L18.fastq,828762
HP1502401_L1.fastq,2840872
HP1502401_L20.fastq,1748986
HP1502401_L21.fastq,2404472
HP1502401_L22.fastq,2195052
HP1502401_L23.fastq,2268214
HP1502401_L2.fastq,1741671
HP1502401_L3.fastq,1494910
HP1502401_L4.fastq,985878
HP1502401_L5.fastq,1720320
HP1502401_L7.fastq,2074468
HP1502401_M11.fastq,1553346
HP1502401_M12.fastq,1529498
HP1502401_M14.fastq,2251527
HP1502401_M15.fastq,1143116
HP1502401_M16.fastq,1088341
HP1502401_M17.fastq,978383
HP1502401_M18.fastq,1523429
HP1502401_M19.fastq,2487615
HP1502401_M1.fastq,1402787
HP1502401_M20.fastq,2756131
HP1502401_M21.fastq,2448172
HP1502401_M22.fastq,2651708
HP1502401_M23.fastq,2408002
HP1502401_M24.fastq,2811618
HP1502401_M2.fastq,2472019
HP1502401_M3.fastq,936600
HP1502401_M4.fastq,1478401
HP1502401_M5.fastq,1813506
HP1502401_M7.fastq,2650577
HP1502401_M8.fastq,1167901
HP1502401_N10.fastq,2878341
HP1502401_N12.fastq,1552986
HP1502401_N15.fastq,2015943
HP1502401_N16.fastq,1920270
HP1502401_N17.fastq,1757507
HP1502401_N18.fastq,2075555
HP1502401_N19.fastq,2347846
HP1502401_N1.fastq,2342836
HP1502401_N20.fastq,1521556
HP1502401_N21.fastq,1165594
HP1502401_N23.fastq,1905650
HP1502401_N2.fastq,1624115
HP1502401_N3.fastq,1763446
HP1502401_N7.fastq,808107
HP1502401_N8.fastq,2831015
HP1502401_O10.fastq,839520
HP1502401_O14.fastq,939489
HP1502401_O16.fastq,1296883
HP1502401_O18.fastq,2171124
HP1502401_O1.fastq,759606
HP1502401_O20.fastq,1962215
HP1502401_O21.fastq,2034382
HP1502401_O22.fastq,2054965
HP1502401_O23.fastq,2120736
HP1502401_O2.fastq,2962742
HP1502401_O7.fastq,2172391
HP1504101T2D_A10.fastq,2457235
HP1504101T2D_A12.fastq,2052013
HP1504101T2D_A13.fastq,1489265
HP1504101T2D_A14.fastq,764514
HP1504101T2D_A15.fastq,1014275
HP1504101T2D_A17.fastq,862529
HP1504101T2D_A18.fastq,1798456
HP1504101T2D_A19.fastq,1820217
HP1504101T2D_A20.fastq,1748483
HP1504101T2D_A22.fastq,1317696
HP1504101T2D_A23.fastq,1126615
HP1504101T2D_A24.fastq,2366969
HP1504101T2D_A4.fastq,1577763
HP1504101T2D_A5.fastq,1669879
HP1504101T2D_A6.fastq,2227761
HP1504101T2D_A8.fastq,1965403
HP1504101T2D_B10.fastq,810643
HP1504101T2D_B11.fastq,1399464
HP1504101T2D_B12.fastq,1544434
HP1504101T2D_B13.fastq,1440065
HP1504101T2D_B14.fastq,785116
HP1504101T2D_B16.fastq,1281625
HP1504101T2D_B17.fastq,1662511
HP1504101T2D_B18.fastq,1817504
HP1504101T2D_B20.fastq,1012736
HP1504101T2D_B21.fastq,1796660
HP1504101T2D_B22.fastq,982719
HP1504101T2D_B4.fastq,1075682
HP1504101T2D_B5.fastq,1269808
HP1504101T2D_B6.fastq,1510397
HP1504101T2D_B7.fastq,877474
HP1504101T2D_B8.fastq,1487196
HP1504101T2D_C10.fastq,869931
HP1504101T2D_C11.fastq,1592868
HP1504101T2D_C12.fastq,921906
HP1504101T2D_C14.fastq,1516469
HP1504101T2D_C15.fastq,1173674
HP1504101T2D_C16.fastq,1481373
HP1504101T2D_C17.fastq,1520585
HP1504101T2D_C18.fastq,2036843
HP1504101T2D_C1.fastq,972648
HP1504101T2D_C20.fastq,2216160
HP1504101T2D_C21.fastq,1737165
HP1504101T2D_C22.fastq,2139584
HP1504101T2D_C24.fastq,1744576
HP1504101T2D_C4.fastq,1118607
HP1504101T2D_C9.fastq,948060
HP1504101T2D_D12.fastq,1424769
HP1504101T2D_D13.fastq,2047356
HP1504101T2D_D15.fastq,980389
HP1504101T2D_D16.fastq,964023
HP1504101T2D_D17.fastq,1764889
HP1504101T2D_D18.fastq,2007085
HP1504101T2D_D19.fastq,2137397
HP1504101T2D_D21.fastq,2211959
HP1504101T2D_D23.fastq,2114887
HP1504101T2D_D24.fastq,2219282
HP1504101T2D_D2.fastq,1910421
HP1504101T2D_D5.fastq,1907618
HP1504101T2D_D6.fastq,1358538
HP1504101T2D_D7.fastq,1742383
HP1504101T2D_D8.fastq,1788374
HP1504101T2D_D9.fastq,1805951
HP1504101T2D_E11.fastq,1077866
HP1504101T2D_E14.fastq,1611845
HP1504101T2D_E15.fastq,1773778
HP1504101T2D_E16.fastq,1457413
HP1504101T2D_E18.fastq,1653311
HP1504101T2D_E19.fastq,1982698
HP1504101T2D_E20.fastq,1902141
HP1504101T2D_E21.fastq,2142358
HP1504101T2D_E22.fastq,2289205
HP1504101T2D_E23.fastq,1649765
HP1504101T2D_E24.fastq,2693100
HP1504101T2D_E4.fastq,1428278
HP1504101T2D_E6.fastq,1336624
HP1504101T2D_E7.fastq,1088897
HP1504101T2D_E8.fastq,800842
HP1504101T2D_E9.fastq,1400713
HP1504101T2D_F10.fastq,2071325
HP1504101T2D_F11.fastq,875974
HP1504101T2D_F12.fastq,1922638
HP1504101T2D_F13.fastq,1873665
HP1504101T2D_F14.fastq,1528501
HP1504101T2D_F15.fastq,1383995
HP1504101T2D_F16.fastq,1507893
HP1504101T2D_F17.fastq,2039563
HP1504101T2D_F18.fastq,1193704
HP1504101T2D_F19.fastq,2323877
HP1504101T2D_F1.fastq,974971
HP1504101T2D_F20.fastq,2639731
HP1504101T2D_F21.fastq,1201307
HP1504101T2D_F22.fastq,2440866
HP1504101T2D_F24.fastq,1357836
HP1504101T2D_F2.fastq,1899267
HP1504101T2D_F3.fastq,1079085
HP1504101T2D_F5.fastq,1630421
HP1504101T2D_F7.fastq,1270864
HP1504101T2D_F8.fastq,870912
HP1504101T2D_F9.fastq,887129
HP1504101T2D_G10.fastq,1418963
HP1504101T2D_G12.fastq,1050650
HP1504101T2D_G14.fastq,1580354
HP1504101T2D_G16.fastq,1168933
HP1504101T2D_G17.fastq,1968301
HP1504101T2D_G19.fastq,1974980
HP1504101T2D_G1.fastq,2037607
HP1504101T2D_G21.fastq,2470035
HP1504101T2D_G22.fastq,1242244
HP1504101T2D_G23.fastq,2134973
HP1504101T2D_G24.fastq,2265447
HP1504101T2D_G2.fastq,1874737
HP1504101T2D_G3.fastq,1240009
HP1504101T2D_G4.fastq,1427504
HP1504101T2D_G5.fastq,1442688
HP1504101T2D_G8.fastq,1447772
HP1504101T2D_G9.fastq,1003819
HP1504101T2D_H13.fastq,847241
HP1504101T2D_H14.fastq,1547719
HP1504101T2D_H15.fastq,1185480
HP1504101T2D_H17.fastq,1664795
HP1504101T2D_H18.fastq,2171616
HP1504101T2D_H1.fastq,1297759
HP1504101T2D_H20.fastq,2266734
HP1504101T2D_H21.fastq,1699781
HP1504101T2D_H22.fastq,2201723
HP1504101T2D_H23.fastq,2216227
HP1504101T2D_H24.fastq,2415262
HP1504101T2D_H2.fastq,1368826
HP1504101T2D_H4.fastq,972414
HP1504101T2D_H5.fastq,1811545
HP1504101T2D_H6.fastq,831534
HP1504101T2D_H7.fastq,1516302
HP1504101T2D_H9.fastq,1832327
HP1504101T2D_I10.fastq,1138806
HP1504101T2D_I11.fastq,967764
HP1504101T2D_I13.fastq,970314
HP1504101T2D_I14.fastq,2010905
HP1504101T2D_I15.fastq,1426460
HP1504101T2D_I16.fastq,1443547
HP1504101T2D_I17.fastq,1246793
HP1504101T2D_I18.fastq,1708830
HP1504101T2D_I19.fastq,1428703
HP1504101T2D_I1.fastq,1178469
HP1504101T2D_I20.fastq,2548386
HP1504101T2D_I21.fastq,1362734
HP1504101T2D_I22.fastq,2326021
HP1504101T2D_I23.fastq,1876886
HP1504101T2D_I24.fastq,2968082
HP1504101T2D_I2.fastq,1065812
HP1504101T2D_I4.fastq,838407
HP1504101T2D_I5.fastq,2020408
HP1504101T2D_I6.fastq,1962921
HP1504101T2D_I8.fastq,1593707
HP1504101T2D_J11.fastq,1721161
HP1504101T2D_J12.fastq,1123305
HP1504101T2D_J13.fastq,1833436
HP1504101T2D_J15.fastq,1261857
HP1504101T2D_J16.fastq,1500929
HP1504101T2D_J1.fastq,1337884
HP1504101T2D_J20.fastq,2140588
HP1504101T2D_J22.fastq,2630732
HP1504101T2D_J24.fastq,2720448
HP1504101T2D_J2.fastq,2015204
HP1504101T2D_J3.fastq,729168
HP1504101T2D_J4.fastq,810940
HP1504101T2D_J5.fastq,1957296
HP1504101T2D_J6.fastq,1593797
HP1504101T2D_J7.fastq,1396059
HP1504101T2D_J8.fastq,630729
HP1504101T2D_J9.fastq,1475534
HP1504101T2D_K10.fastq,1133989
HP1504101T2D_K11.fastq,1128
HP1504101T2D_K12.fastq,986044
HP1504101T2D_K13.fastq,1752
HP1504101T2D_K14.fastq,1388782
HP1504101T2D_K15.fastq,1883
HP1504101T2D_K16.fastq,297576
HP1504101T2D_K17.fastq,2026288
HP1504101T2D_K18.fastq,1930106
HP1504101T2D_K19.fastq,1568518
HP1504101T2D_K1.fastq,1155
HP1504101T2D_K20.fastq,2333380
HP1504101T2D_K21.fastq,1313727
HP1504101T2D_K22.fastq,2012799
HP1504101T2D_K23.fastq,1963620
HP1504101T2D_K24.fastq,2550579
HP1504101T2D_K2.fastq,1434554
HP1504101T2D_K3.fastq,1285
HP1504101T2D_K4.fastq,1797964
HP1504101T2D_K5.fastq,1786
HP1504101T2D_K6.fastq,646784
HP1504101T2D_K7.fastq,1716
HP1504101T2D_K8.fastq,1567870
HP1504101T2D_K9.fastq,2000
HP1504101T2D_L10.fastq,2054732
HP1504101T2D_L11.fastq,1800584
HP1504101T2D_L12.fastq,358146
HP1504101T2D_L13.fastq,1028499
HP1504101T2D_L14.fastq,1729127
HP1504101T2D_L15.fastq,938564
HP1504101T2D_L16.fastq,3708
HP1504101T2D_L17.fastq,1081788
HP1504101T2D_L18.fastq,1766691
HP1504101T2D_L19.fastq,1038445
HP1504101T2D_L1.fastq,1556040
HP1504101T2D_L20.fastq,452777
HP1504101T2D_L21.fastq,1839248
HP1504101T2D_L22.fastq,1070221
HP1504101T2D_L23.fastq,1787236
HP1504101T2D_L24.fastq,2230954
HP1504101T2D_L2.fastq,1758004
HP1504101T2D_L3.fastq,1200332
HP1504101T2D_L4.fastq,1378429
HP1504101T2D_L5.fastq,622000
HP1504101T2D_L6.fastq,16227
HP1504101T2D_L7.fastq,1294167
HP1504101T2D_L8.fastq,2087763
HP1504101T2D_L9.fastq,920165
HP1504101T2D_M10.fastq,1902270
HP1504101T2D_M11.fastq,113926
HP1504101T2D_M12.fastq,517513
HP1504101T2D_M13.fastq,272337
HP1504101T2D_M14.fastq,127144
HP1504101T2D_M15.fastq,1221443
HP1504101T2D_M16.fastq,503805
HP1504101T2D_M17.fastq,1279586
HP1504101T2D_M18.fastq,2273328
HP1504101T2D_M19.fastq,2377543
HP1504101T2D_M1.fastq,1676799
HP1504101T2D_M20.fastq,1127356
HP1504101T2D_M21.fastq,2462727
HP1504101T2D_M22.fastq,601278
HP1504101T2D_M23.fastq,2592244
HP1504101T2D_M24.fastq,3186394
HP1504101T2D_M2.fastq,1964003
HP1504101T2D_M3.fastq,746912
HP1504101T2D_M4.fastq,865051
HP1504101T2D_M5.fastq,1697558
HP1504101T2D_M6.fastq,1224096
HP1504101T2D_M7.fastq,1490290
HP1504101T2D_M8.fastq,1419428
HP1504101T2D_M9.fastq,943633
HP1504101T2D_N10.fastq,1924311
HP1504101T2D_N11.fastq,419535
HP1504101T2D_N12.fastq,2068733
HP1504101T2D_N13.fastq,1098037
HP1504101T2D_N14.fastq,38801
HP1504101T2D_N15.fastq,638450
HP1504101T2D_N16.fastq,1502606
HP1504101T2D_N17.fastq,2010710
HP1504101T2D_N18.fastq,595053
HP1504101T2D_N19.fastq,1835294
HP1504101T2D_N1.fastq,1173885
HP1504101T2D_N20.fastq,2388107
HP1504101T2D_N21.fastq,951124
HP1504101T2D_N22.fastq,2148275
HP1504101T2D_N23.fastq,715084
HP1504101T2D_N24.fastq,2479624
HP1504101T2D_N2.fastq,1019625
HP1504101T2D_N3.fastq,220403
HP1504101T2D_N4.fastq,660376
HP1504101T2D_N5.fastq,1462821
HP1504101T2D_N6.fastq,1726884
HP1504101T2D_N7.fastq,1005583
HP1504101T2D_N8.fastq,2339498
HP1504101T2D_N9.fastq,1530197
HP1504101T2D_O10.fastq,1708109
HP1504101T2D_O11.fastq,1815654
HP1504101T2D_O12.fastq,2189546
HP1504101T2D_O13.fastq,1708062
HP1504101T2D_O14.fastq,1972573
HP1504101T2D_O15.fastq,107402
HP1504101T2D_O16.fastq,1803211
HP1504101T2D_O17.fastq,1565733
HP1504101T2D_O18.fastq,651214
HP1504101T2D_O19.fastq,960787
HP1504101T2D_O1.fastq,838078
HP1504101T2D_O20.fastq,2074530
HP1504101T2D_O21.fastq,1013578
HP1504101T2D_O22.fastq,2715729
HP1504101T2D_O23.fastq,2011020
HP1504101T2D_O24.fastq,3424446
HP1504101T2D_O2.fastq,767152
HP1504101T2D_O3.fastq,1425549
HP1504101T2D_O4.fastq,1063801
HP1504101T2D_O5.fastq,1035944
HP1504101T2D_O6.fastq,1677806
HP1504101T2D_O7.fastq,559684
HP1504101T2D_O8.fastq,704896
HP1504101T2D_O9.fastq,997315
HP1504101T2D_P10.fastq,495873
HP1504101T2D_P11.fastq,1461764
HP1504101T2D_P12.fastq,1059018
HP1504101T2D_P14.fastq,1660059
HP1504101T2D_P15.fastq,185558
HP1504101T2D_P16.fastq,271068
HP1504101T2D_P17.fastq,1480345
HP1504101T2D_P18.fastq,2343707
HP1504101T2D_P19.fastq,1033984
HP1504101T2D_P1.fastq,277345
HP1504101T2D_P20.fastq,1134756
HP1504101T2D_P21.fastq,1949142
HP1504101T2D_P22.fastq,1642101
HP1504101T2D_P23.fastq,751665
HP1504101T2D_P24.fastq,2960005
HP1504101T2D_P2.fastq,1008290
HP1504101T2D_P3.fastq,1657005
HP1504101T2D_P4.fastq,1130770
HP1504101T2D_P5.fastq,2045767
HP1504101T2D_P6.fastq,1494
HP1504101T2D_P7.fastq,1551905
HP1504101T2D_P8.fastq,701809
HP1504101T2D_P9.fastq,1273648
HP1504901_A10.fastq,443984
HP1504901_A11.fastq,413256
HP1504901_A12.fastq,153409
HP1504901_A13.fastq,136401
HP1504901_A14.fastq,592594
HP1504901_A15.fastq,165785
HP1504901_A16.fastq,406006
HP1504901_A17.fastq,173271
HP1504901_A18.fastq,222768
HP1504901_A19.fastq,661557
HP1504901_A1.fastq,156561
HP1504901_A20.fastq,236038
HP1504901_A21.fastq,855007
HP1504901_A22.fastq,643088
HP1504901_A23.fastq,713982
HP1504901_A24.fastq,154057
HP1504901_A2.fastq,634248
HP1504901_A3.fastq,269673
HP1504901_A4.fastq,292765
HP1504901_A5.fastq,436081
HP1504901_A6.fastq,300351
HP1504901_A7.fastq,205711
HP1504901_A8.fastq,277118
HP1504901_A9.fastq,456551
HP1504901_B10.fastq,791229
HP1504901_B11.fastq,753163
HP1504901_B12.fastq,109836
HP1504901_B13.fastq,943400
HP1504901_B14.fastq,1055853
HP1504901_B15.fastq,526412
HP1504901_B16.fastq,839622
HP1504901_B17.fastq,295197
HP1504901_B18.fastq,1337936
HP1504901_B19.fastq,357326
HP1504901_B1.fastq,396209
HP1504901_B20.fastq,1237180
HP1504901_B21.fastq,878586
HP1504901_B22.fastq,1179698
HP1504901_B23.fastq,886231
HP1504901_B24.fastq,703073
HP1504901_B2.fastq,779648
HP1504901_B3.fastq,618227
HP1504901_B4.fastq,794745
HP1504901_B5.fastq,369854
HP1504901_B6.fastq,742228
HP1504901_B7.fastq,500511
HP1504901_B8.fastq,859583
HP1504901_B9.fastq,742023
HP1504901_C10.fastq,620305
HP1504901_C11.fastq,725804
HP1504901_C12.fastq,149948
HP1504901_C13.fastq,728499
HP1504901_C14.fastq,777696
HP1504901_C15.fastq,334471
HP1504901_C16.fastq,794359
HP1504901_C17.fastq,831475
HP1504901_C18.fastq,248246
HP1504901_C19.fastq,284317
HP1504901_C1.fastq,114999
HP1504901_C20.fastq,170153
HP1504901_C21.fastq,144777
HP1504901_C22.fastq,731297
HP1504901_C23.fastq,814794
HP1504901_C24.fastq,310470
HP1504901_C2.fastq,692195
HP1504901_C3.fastq,234086
HP1504901_C4.fastq,313164
HP1504901_C5.fastq,530882
HP1504901_C6.fastq,199590
HP1504901_C7.fastq,208540
HP1504901_C8.fastq,400516
HP1504901_C9.fastq,342452
HP1504901_D10.fastq,330851
HP1504901_D11.fastq,218080
HP1504901_D12.fastq,629585
HP1504901_D13.fastq,1054375
HP1504901_D14.fastq,706128
HP1504901_D15.fastq,648619
HP1504901_D16.fastq,810271
HP1504901_D17.fastq,698781
HP1504901_D18.fastq,974994
HP1504901_D19.fastq,277608
HP1504901_D1.fastq,309225
HP1504901_D20.fastq,642265
HP1504901_D21.fastq,799578
HP1504901_D22.fastq,1153421
HP1504901_D23.fastq,1123940
HP1504901_D24.fastq,754986
HP1504901_D2.fastq,1000291
HP1504901_D3.fastq,255168
HP1504901_D4.fastq,919440
HP1504901_D5.fastq,734068
HP1504901_D6.fastq,591574
HP1504901_D7.fastq,622178
HP1504901_D8.fastq,342814
HP1504901_D9.fastq,922904
HP1504901_E10.fastq,726128
HP1504901_E11.fastq,427905
HP1504901_E12.fastq,387332
HP1504901_E13.fastq,198732
HP1504901_E14.fastq,1008338
HP1504901_E15.fastq,16376
HP1504901_E16.fastq,863090
HP1504901_E17.fastq,312281
HP1504901_E18.fastq,876852
HP1504901_E19.fastq,588856
HP1504901_E1.fastq,188390
HP1504901_E20.fastq,675096
HP1504901_E21.fastq,936855
HP1504901_E22.fastq,549462
HP1504901_E23.fastq,891826
HP1504901_E24.fastq,730099
HP1504901_E2.fastq,904729
HP1504901_E3.fastq,360703
HP1504901_E4.fastq,561527
HP1504901_E5.fastq,322038
HP1504901_E6.fastq,688705
HP1504901_E7.fastq,211016
HP1504901_E8.fastq,406694
HP1504901_E9.fastq,740774
HP1504901_F10.fastq,1085803
HP1504901_F11.fastq,451409
HP1504901_F12.fastq,682426
HP1504901_F13.fastq,541151
HP1504901_F14.fastq,1155709
HP1504901_F15.fastq,472923
HP1504901_F16.fastq,949812
HP1504901_F17.fastq,880065
HP1504901_F18.fastq,1174621
HP1504901_F19.fastq,935243
HP1504901_F1.fastq,413293
HP1504901_F20.fastq,1320016
HP1504901_F21.fastq,409370
HP1504901_F22.fastq,623205
HP1504901_F23.fastq,796720
HP1504901_F24.fastq,869280
HP1504901_F2.fastq,992553
HP1504901_F3.fastq,622144
HP1504901_F4.fastq,999188
HP1504901_F5.fastq,977609
HP1504901_F6.fastq,878474
HP1504901_F7.fastq,203724
HP1504901_F8.fastq,1154148
HP1504901_F9.fastq,956377
HP1504901_G10.fastq,773848
HP1504901_G11.fastq,905795
HP1504901_G12.fastq,491928
HP1504901_G13.fastq,714680
HP1504901_G14.fastq,254976
HP1504901_G15.fastq,654460
HP1504901_G16.fastq,625515
HP1504901_G17.fastq,275455
HP1504901_G18.fastq,973492
HP1504901_G19.fastq,872937
HP1504901_G1.fastq,144090
HP1504901_G20.fastq,1061792
HP1504901_G21.fastq,542483
HP1504901_G22.fastq,350914
HP1504901_G23.fastq,411564
HP1504901_G24.fastq,594717
HP1504901_G2.fastq,858982
HP1504901_G3.fastq,583688
HP1504901_G4.fastq,728348
HP1504901_G5.fastq,322437
HP1504901_G6.fastq,372930
HP1504901_G7.fastq,204918
HP1504901_G8.fastq,1019574
HP1504901_G9.fastq,839343
HP1504901_H10.fastq,382041
HP1504901_H11.fastq,631204
HP1504901_H12.fastq,641590
HP1504901_H13.fastq,174170
HP1504901_H14.fastq,865751
HP1504901_H15.fastq,193204
HP1504901_H16.fastq,1075971
HP1504901_H17.fastq,831667
HP1504901_H18.fastq,913197
HP1504901_H19.fastq,690777
HP1504901_H1.fastq,403033
HP1504901_H20.fastq,363359
HP1504901_H21.fastq,216964
HP1504901_H22.fastq,1200379
HP1504901_H23.fastq,296135
HP1504901_H24.fastq,276503
HP1504901_H2.fastq,434853
HP1504901_H3.fastq,184868
HP1504901_H4.fastq,853945
HP1504901_H5.fastq,787641
HP1504901_H6.fastq,323329
HP1504901_H7.fastq,186648
HP1504901_H8.fastq,914422
HP1504901_H9.fastq,157578
HP1504901_I10.fastq,902885
HP1504901_I11.fastq,277284
HP1504901_I12.fastq,423901
HP1504901_I13.fastq,688953
HP1504901_I14.fastq,484248
HP1504901_I15.fastq,354139
HP1504901_I16.fastq,349384
HP1504901_I17.fastq,985296
HP1504901_I18.fastq,932470
HP1504901_I19.fastq,1078022
HP1504901_I1.fastq,200848
HP1504901_I20.fastq,834993
HP1504901_I21.fastq,951878
HP1504901_I22.fastq,1375973
HP1504901_I23.fastq,800084
HP1504901_I24.fastq,731227
HP1504901_I2.fastq,872067
HP1504901_I3.fastq,671173
HP1504901_I4.fastq,356450
HP1504901_I5.fastq,452674
HP1504901_I6.fastq,203970
HP1504901_I7.fastq,113889
HP1504901_I8.fastq,987566
HP1504901_I9.fastq,379523
HP1504901_J10.fastq,1080152
HP1504901_J11.fastq,271086
HP1504901_J12.fastq,910781
HP1504901_J13.fastq,778599
HP1504901_J14.fastq,652950
HP1504901_J15.fastq,860367
HP1504901_J16.fastq,510395
HP1504901_J17.fastq,1022832
HP1504901_J18.fastq,1422823
HP1504901_J19.fastq,800379
HP1504901_J1.fastq,237372
HP1504901_J20.fastq,1380327
HP1504901_J21.fastq,462618
HP1504901_J22.fastq,1293790
HP1504901_J23.fastq,1111824
HP1504901_J24.fastq,1200790
HP1504901_J2.fastq,527774
HP1504901_J3.fastq,772350
HP1504901_J4.fastq,1043065
HP1504901_J5.fastq,800958
HP1504901_J6.fastq,1007832
HP1504901_J7.fastq,742612
HP1504901_J8.fastq,993001
HP1504901_J9.fastq,835548
HP1504901_K10.fastq,173629
HP1504901_K11.fastq,79854
HP1504901_K12.fastq,386218
HP1504901_K13.fastq,135097
HP1504901_K14.fastq,977538
HP1504901_K15.fastq,136335
HP1504901_K16.fastq,317900
HP1504901_K17.fastq,308881
HP1504901_K18.fastq,250623
HP1504901_K19.fastq,792547
HP1504901_K1.fastq,151619
HP1504901_K20.fastq,999494
HP1504901_K21.fastq,140127
HP1504901_K22.fastq,1314131
HP1504901_K23.fastq,791470
HP1504901_K24.fastq,357666
HP1504901_K2.fastq,275026
HP1504901_K3.fastq,140578
HP1504901_K4.fastq,324494
HP1504901_K5.fastq,830746
HP1504901_K6.fastq,612638
HP1504901_K7.fastq,196374
HP1504901_K8.fastq,336443
HP1504901_K9.fastq,269723
HP1504901_L10.fastq,418647
HP1504901_L11.fastq,168307
HP1504901_L12.fastq,755034
HP1504901_L13.fastq,600364
HP1504901_L14.fastq,868948
HP1504901_L15.fastq,208562
HP1504901_L16.fastq,1086205
HP1504901_L17.fastq,831998
HP1504901_L18.fastq,1121856
HP1504901_L19.fastq,647826
HP1504901_L1.fastq,416288
HP1504901_L20.fastq,1268520
HP1504901_L21.fastq,706985
HP1504901_L22.fastq,1398988
HP1504901_L23.fastq,270594
HP1504901_L24.fastq,598151
HP1504901_L2.fastq,472794
HP1504901_L3.fastq,561567
HP1504901_L4.fastq,278277
HP1504901_L5.fastq,436108
HP1504901_L6.fastq,256649
HP1504901_L7.fastq,218186
HP1504901_L8.fastq,959682
HP1504901_L9.fastq,632411
HP1504901_M10.fastq,330281
HP1504901_M11.fastq,553587
HP1504901_M12.fastq,429229
HP1504901_M13.fastq,141649
HP1504901_M14.fastq,516281
HP1504901_M15.fastq,17831
HP1504901_M16.fastq,340911
HP1504901_M17.fastq,307866
HP1504901_M18.fastq,1239882
HP1504901_M19.fastq,1068986
HP1504901_M1.fastq,120058
HP1504901_M20.fastq,831582
HP1504901_M21.fastq,641863
HP1504901_M22.fastq,719179
HP1504901_M23.fastq,457887
HP1504901_M24.fastq,730949
HP1504901_M2.fastq,429346
HP1504901_M3.fastq,396095
HP1504901_M4.fastq,460800
HP1504901_M5.fastq,27437
HP1504901_M6.fastq,577298
HP1504901_M7.fastq,31331
HP1504901_M8.fastq,340561
HP1504901_M9.fastq,171583
HP1504901_N10.fastq,338249
HP1504901_N11.fastq,208660
HP1504901_N12.fastq,661788
HP1504901_N13.fastq,692802
HP1504901_N14.fastq,477287
HP1504901_N15.fastq,655528
HP1504901_N16.fastq,1027363
HP1504901_N17.fastq,684859
HP1504901_N18.fastq,1386495
HP1504901_N19.fastq,800658
HP1504901_N1.fastq,415617
HP1504901_N20.fastq,607940
HP1504901_N21.fastq,358275
HP1504901_N22.fastq,1432623
HP1504901_N23.fastq,846607
HP1504901_N24.fastq,704114
HP1504901_N2.fastq,495216
HP1504901_N3.fastq,218260
HP1504901_N4.fastq,402846
HP1504901_N5.fastq,245135
HP1504901_N6.fastq,279391
HP1504901_N7.fastq,367381
HP1504901_N8.fastq,1098534
HP1504901_N9.fastq,631553
HP1504901_O10.fastq,785296
HP1504901_O11.fastq,884751
HP1504901_O12.fastq,328765
HP1504901_O13.fastq,347536
HP1504901_O14.fastq,979903
HP1504901_O15.fastq,209221
HP1504901_O16.fastq,1009349
HP1504901_O17.fastq,753169
HP1504901_O18.fastq,1132380
HP1504901_O19.fastq,342858
HP1504901_O1.fastq,352802
HP1504901_O20.fastq,1514761
HP1504901_O21.fastq,907568
HP1504901_O22.fastq,583928
HP1504901_O23.fastq,438910
HP1504901_O24.fastq,867698
HP1504901_O2.fastq,227458
HP1504901_O3.fastq,367597
HP1504901_O4.fastq,827801
HP1504901_O5.fastq,810630
HP1504901_O6.fastq,787660
HP1504901_O7.fastq,662705
HP1504901_O8.fastq,1170493
HP1504901_O9.fastq,892274
HP1504901_P10.fastq,925649
HP1504901_P11.fastq,548859
HP1504901_P12.fastq,272960
HP1504901_P14.fastq,1641090
HP1504901_P15.fastq,440093
HP1504901_P16.fastq,831711
HP1504901_P17.fastq,534314
HP1504901_P18.fastq,890445
HP1504901_P19.fastq,266973
HP1504901_P1.fastq,119605
HP1504901_P20.fastq,932896
HP1504901_P21.fastq,688960
HP1504901_P22.fastq,355553
HP1504901_P23.fastq,458067
HP1504901_P24.fastq,374350
HP1504901_P2.fastq,322303
HP1504901_P3.fastq,417081
HP1504901_P4.fastq,620569
HP1504901_P5.fastq,192045
HP1504901_P6.fastq,136596
HP1504901_P7.fastq,517883
HP1504901_P8.fastq,375996
HP1504901_P9.fastq,547184
HP1506401_A10.fastq,730
HP1506401_A11.fastq,1889
HP1506401_A12.fastq,121113
HP1506401_A13.fastq,43664
HP1506401_A14.fastq,1379033
HP1506401_A15.fastq,136473
HP1506401_A16.fastq,12269
HP1506401_A17.fastq,2310121
HP1506401_A18.fastq,57232
HP1506401_A19.fastq,6422
HP1506401_A1.fastq,1238
HP1506401_A20.fastq,73788
HP1506401_A21.fastq,1673936
HP1506401_A22.fastq,288
HP1506401_A23.fastq,169975
HP1506401_A24.fastq,1030680
HP1506401_A2.fastq,70000
HP1506401_A3.fastq,43167
HP1506401_A4.fastq,770259
HP1506401_A5.fastq,313418
HP1506401_A6.fastq,906786
HP1506401_A7.fastq,2604473
HP1506401_A8.fastq,136957
HP1506401_A9.fastq,315591
HP1506401_B10.fastq,2764
HP1506401_B11.fastq,887931
HP1506401_B12.fastq,68401
HP1506401_B13.fastq,2901
HP1506401_B14.fastq,2503407
HP1506401_B15.fastq,306198
HP1506401_B16.fastq,792404
HP1506401_B17.fastq,1840639
HP1506401_B18.fastq,89564
HP1506401_B19.fastq,2904
HP1506401_B1.fastq,1161008
HP1506401_B20.fastq,73830
HP1506401_B21.fastq,468151
HP1506401_B22.fastq,492178
HP1506401_B23.fastq,235875
HP1506401_B24.fastq,1115028
HP1506401_B2.fastq,104639
HP1506401_B3.fastq,804048
HP1506401_B4.fastq,1412172
HP1506401_B5.fastq,888160
HP1506401_B6.fastq,571941
HP1506401_B7.fastq,36415
HP1506401_B8.fastq,1062991
HP1506401_B9.fastq,136995
HP1506401_C10.fastq,830
HP1506401_C11.fastq,7738
HP1506401_C12.fastq,667718
HP1506401_C13.fastq,1206946
HP1506401_C14.fastq,154524
HP1506401_C15.fastq,103512
HP1506401_C16.fastq,302392
HP1506401_C17.fastq,1681788
HP1506401_C18.fastq,627560
HP1506401_C19.fastq,422
HP1506401_C1.fastq,8744
HP1506401_C20.fastq,1386
HP1506401_C21.fastq,381661
HP1506401_C22.fastq,112
HP1506401_C23.fastq,1247654
HP1506401_C24.fastq,321629
HP1506401_C2.fastq,26809
HP1506401_C3.fastq,132268
HP1506401_C4.fastq,1741047
HP1506401_C5.fastq,2287613
HP1506401_C6.fastq,26550
HP1506401_C7.fastq,3672724
HP1506401_C8.fastq,486134
HP1506401_C9.fastq,438945
HP1506401_D10.fastq,29750
HP1506401_D11.fastq,110700
HP1506401_D12.fastq,1202304
HP1506401_D13.fastq,719917
HP1506401_D14.fastq,345197
HP1506401_D15.fastq,757623
HP1506401_D16.fastq,14873
HP1506401_D17.fastq,1640274
HP1506401_D18.fastq,1042047
HP1506401_D19.fastq,16461
HP1506401_D1.fastq,1111601
HP1506401_D20.fastq,5771
HP1506401_D21.fastq,20869
HP1506401_D22.fastq,746159
HP1506401_D23.fastq,1344441
HP1506401_D24.fastq,2129310
HP1506401_D2.fastq,1610057
HP1506401_D3.fastq,2481445
HP1506401_D4.fastq,335973
HP1506401_D5.fastq,40582
HP1506401_D6.fastq,961714
HP1506401_D7.fastq,601076
HP1506401_D8.fastq,480204
HP1506401_D9.fastq,817340
HP1506401_E10.fastq,424961
HP1506401_E11.fastq,79057
HP1506401_E12.fastq,1428722
HP1506401_E13.fastq,4885
HP1506401_E14.fastq,4699673
HP1506401_E15.fastq,1267351
HP1506401_E16.fastq,861946
HP1506401_E17.fastq,6868201
HP1506401_E18.fastq,5223182
HP1506401_E19.fastq,34915
HP1506401_E1.fastq,42843
HP1506401_E20.fastq,75179
HP1506401_E21.fastq,763468
HP1506401_E22.fastq,7040
HP1506401_E23.fastq,819918
HP1506401_E24.fastq,2274225
HP1506401_E2.fastq,23464
HP1506401_E3.fastq,255732
HP1506401_E4.fastq,939060
HP1506401_E5.fastq,634840
HP1506401_E6.fastq,271163
HP1506401_E7.fastq,592922
HP1506401_E8.fastq,1001068
HP1506401_E9.fastq,141946
HP1506401_F10.fastq,1454427
HP1506401_F11.fastq,1118197
HP1506401_F12.fastq,744323
HP1506401_F13.fastq,234336
HP1506401_F14.fastq,987816
HP1506401_F15.fastq,96266
HP1506401_F16.fastq,552016
HP1506401_F17.fastq,789705
HP1506401_F18.fastq,1609894
HP1506401_F19.fastq,141367
HP1506401_F1.fastq,32617
HP1506401_F20.fastq,376613
HP1506401_F21.fastq,110683
HP1506401_F22.fastq,1302513
HP1506401_F23.fastq,4999286
HP1506401_F24.fastq,1223860
HP1506401_F2.fastq,382659
HP1506401_F3.fastq,186636
HP1506401_F4.fastq,5899
HP1506401_F5.fastq,527847
HP1506401_F6.fastq,213506
HP1506401_F7.fastq,22428
HP1506401_F8.fastq,1687143
HP1506401_F9.fastq,903622
HP1506401_G10.fastq,2286
HP1506401_G11.fastq,1221344
HP1506401_G12.fastq,734733
HP1506401_G13.fastq,317975
HP1506401_G14.fastq,7153891
HP1506401_G15.fastq,4465022
HP1506401_G16.fastq,655763
HP1506401_G17.fastq,227808
HP1506401_G18.fastq,4196057
HP1506401_G19.fastq,155216
HP1506401_G1.fastq,358884
HP1506401_G20.fastq,84666
HP1506401_G21.fastq,882416
HP1506401_G22.fastq,199
HP1506401_G23.fastq,961387
HP1506401_G24.fastq,1693042
HP1506401_G2.fastq,314044
HP1506401_G3.fastq,137495
HP1506401_G4.fastq,720403
HP1506401_G5.fastq,1747226
HP1506401_G6.fastq,281504
HP1506401_G7.fastq,296615
HP1506401_G8.fastq,594729
HP1506401_G9.fastq,156645
HP1506401_H10.fastq,130597
HP1506401_H11.fastq,551545
HP1506401_H12.fastq,941972
HP1506401_H13.fastq,750191
HP1506401_H14.fastq,704738
HP1506401_H15.fastq,1526384
HP1506401_H16.fastq,731804
HP1506401_H17.fastq,283968
HP1506401_H18.fastq,498033
HP1506401_H19.fastq,110833
HP1506401_H1.fastq,1794464
HP1506401_H20.fastq,24827
HP1506401_H21.fastq,23781
HP1506401_H22.fastq,477156
HP1506401_H23.fastq,629477
HP1506401_H24.fastq,221951
HP1506401_H2.fastq,429853
HP1506401_H3.fastq,1613868
HP1506401_H4.fastq,2262141
HP1506401_H5.fastq,317045
HP1506401_H6.fastq,214069
HP1506401_H7.fastq,2421869
HP1506401_H8.fastq,128694
HP1506401_H9.fastq,773439
HP1506401_I10.fastq,531759
HP1506401_I11.fastq,1661808
HP1506401_I12.fastq,1030231
HP1506401_I13.fastq,1855505
HP1506401_I14.fastq,804163
HP1506401_I15.fastq,3285161
HP1506401_I16.fastq,599253
HP1506401_I17.fastq,3048063
HP1506401_I18.fastq,711733
HP1506401_I19.fastq,2252
HP1506401_I1.fastq,412146
HP1506401_I20.fastq,8200
HP1506401_I21.fastq,1271557
HP1506401_I22.fastq,5754
HP1506401_I23.fastq,851015
HP1506401_I24.fastq,535004
HP1506401_I2.fastq,187708
HP1506401_I3.fastq,29251
HP1506401_I4.fastq,686627
HP1506401_I5.fastq,141280
HP1506401_I6.fastq,1034967
HP1506401_I7.fastq,256554
HP1506401_I8.fastq,513287
HP1506401_I9.fastq,56341
HP1506401_J10.fastq,136234
HP1506401_J11.fastq,941895
HP1506401_J12.fastq,40408
HP1506401_J13.fastq,65258
HP1506401_J14.fastq,683440
HP1506401_J15.fastq,2065133
HP1506401_J16.fastq,493451
HP1506401_J17.fastq,739484
HP1506401_J18.fastq,129096
HP1506401_J19.fastq,89660
HP1506401_J1.fastq,21082
HP1506401_J20.fastq,2024899
HP1506401_J21.fastq,186282
HP1506401_J22.fastq,343314
HP1506401_J23.fastq,2247588
HP1506401_J24.fastq,1121798
HP1506401_J2.fastq,904930
HP1506401_J3.fastq,838239
HP1506401_J4.fastq,332967
HP1506401_J5.fastq,189036
HP1506401_J6.fastq,353463
HP1506401_J7.fastq,175677
HP1506401_J8.fastq,491601
HP1506401_J9.fastq,390451
HP1506401_K10.fastq,465619
HP1506401_K11.fastq,134406
HP1506401_K12.fastq,220842
HP1506401_K13.fastq,30709
HP1506401_K14.fastq,1222981
HP1506401_K15.fastq,192388
HP1506401_K16.fastq,375260
HP1506401_K17.fastq,2210209
HP1506401_K18.fastq,153015
HP1506401_K19.fastq,347242
HP1506401_K1.fastq,219536
HP1506401_K20.fastq,5737
HP1506401_K21.fastq,1277368
HP1506401_K22.fastq,178894
HP1506401_K23.fastq,816662
HP1506401_K24.fastq,460328
HP1506401_K2.fastq,999592
HP1506401_K3.fastq,11823
HP1506401_K4.fastq,241037
HP1506401_K5.fastq,70718
HP1506401_K6.fastq,420768
HP1506401_K7.fastq,246676
HP1506401_K8.fastq,73088
HP1506401_K9.fastq,75622
HP1506401_L10.fastq,276961
HP1506401_L11.fastq,371805
HP1506401_L12.fastq,47980
HP1506401_L13.fastq,353775
HP1506401_L14.fastq,336486
HP1506401_L15.fastq,7565
HP1506401_L16.fastq,26459
HP1506401_L17.fastq,328543
HP1506401_L18.fastq,606525
HP1506401_L19.fastq,80288
HP1506401_L1.fastq,225347
HP1506401_L20.fastq,3974365
HP1506401_L21.fastq,459813
HP1506401_L22.fastq,76217
HP1506401_L23.fastq,1508091
HP1506401_L24.fastq,25160
HP1506401_L2.fastq,280928
HP1506401_L3.fastq,1931479
HP1506401_L4.fastq,1325281
HP1506401_L5.fastq,114515
HP1506401_L6.fastq,49263
HP1506401_L7.fastq,143943
HP1506401_L8.fastq,281116
HP1506401_L9.fastq,341657
HP1506401_M10.fastq,1329548
HP1506401_M11.fastq,937124
HP1506401_M12.fastq,318384
HP1506401_M13.fastq,1876
HP1506401_M14.fastq,535029
HP1506401_M15.fastq,1448
HP1506401_M16.fastq,592153
HP1506401_M17.fastq,100938
HP1506401_M18.fastq,831328
HP1506401_M19.fastq,488300
HP1506401_M1.fastq,2290447
HP1506401_M20.fastq,1628
HP1506401_M21.fastq,1615469
HP1506401_M22.fastq,100
HP1506401_M23.fastq,62063
HP1506401_M24.fastq,1760140
HP1506401_M2.fastq,21370
HP1506401_M3.fastq,61728
HP1506401_M4.fastq,522337
HP1506401_M5.fastq,109550
HP1506401_M6.fastq,553061
HP1506401_M7.fastq,65881
HP1506401_M8.fastq,423578
HP1506401_M9.fastq,39151
HP1506401_N10.fastq,815954
HP1506401_N11.fastq,98726
HP1506401_N12.fastq,266694
HP1506401_N13.fastq,7304
HP1506401_N14.fastq,40736
HP1506401_N15.fastq,146791
HP1506401_N16.fastq,140117
HP1506401_N17.fastq,243254
HP1506401_N18.fastq,235056
HP1506401_N19.fastq,89160
HP1506401_N1.fastq,154997
HP1506401_N20.fastq,2285800
HP1506401_N21.fastq,37768
HP1506401_N22.fastq,1043615
HP1506401_N23.fastq,548248
HP1506401_N24.fastq,1263492
HP1506401_N2.fastq,45461
HP1506401_N3.fastq,3769
HP1506401_N4.fastq,1617008
HP1506401_N5.fastq,1053658
HP1506401_N6.fastq,302060
HP1506401_N7.fastq,49677
HP1506401_N8.fastq,109078
HP1506401_N9.fastq,945582
HP1506401_O10.fastq,2614756
HP1506401_O11.fastq,1328916
HP1506401_O12.fastq,800478
HP1506401_O13.fastq,259343
HP1506401_O14.fastq,656397
HP1506401_O15.fastq,93310
HP1506401_O16.fastq,1096240
HP1506401_O17.fastq,25420
HP1506401_O18.fastq,1266224
HP1506401_O19.fastq,393731
HP1506401_O1.fastq,88789
HP1506401_O20.fastq,22184
HP1506401_O21.fastq,2247697
HP1506401_O22.fastq,133
HP1506401_O23.fastq,409600
HP1506401_O24.fastq,1969491
HP1506401_O2.fastq,387082
HP1506401_O3.fastq,178626
HP1506401_O4.fastq,611904
HP1506401_O5.fastq,146193
HP1506401_O6.fastq,1044881
HP1506401_O7.fastq,5092890
HP1506401_O8.fastq,772908
HP1506401_O9.fastq,10832
HP1506401_P10.fastq,205709
HP1506401_P11.fastq,423514
HP1506401_P12.fastq,530671
HP1506401_P14.fastq,2219665
HP1506401_P15.fastq,29137
HP1506401_P16.fastq,57092
HP1506401_P17.fastq,200162
HP1506401_P18.fastq,270924
HP1506401_P19.fastq,145162
HP1506401_P1.fastq,236815
HP1506401_P20.fastq,1124285
HP1506401_P21.fastq,258299
HP1506401_P22.fastq,212581
HP1506401_P23.fastq,509113
HP1506401_P24.fastq,658666
HP1506401_P2.fastq,6831
HP1506401_P3.fastq,278950
HP1506401_P4.fastq,2487560
HP1506401_P5.fastq,1009652
HP1506401_P6.fastq,254490
HP1506401_P7.fastq,24509
HP1506401_P8.fastq,170866
HP1506401_P9.fastq,410980
HP1507101_A10.fastq,28275
HP1507101_A11.fastq,10891
HP1507101_A12.fastq,279965
HP1507101_A13.fastq,133351
HP1507101_A14.fastq,117970
HP1507101_A15.fastq,4586
HP1507101_A16.fastq,242436
HP1507101_A17.fastq,20831
HP1507101_A18.fastq,745641
HP1507101_A19.fastq,13633
HP1507101_A1.fastq,575
HP1507101_A20.fastq,265648
HP1507101_A21.fastq,330
HP1507101_A22.fastq,96701
HP1507101_A23.fastq,16698
HP1507101_A24.fastq,451965
HP1507101_A2.fastq,349734
HP1507101_A3.fastq,619760
HP1507101_A4.fastq,1868220
HP1507101_A5.fastq,182717
HP1507101_A6.fastq,158591
HP1507101_A7.fastq,19818
HP1507101_A8.fastq,20015
HP1507101_A9.fastq,61955
HP1507101_B10.fastq,230560
HP1507101_B11.fastq,234704
HP1507101_B12.fastq,241963
HP1507101_B13.fastq,921224
HP1507101_B14.fastq,590491
HP1507101_B15.fastq,995868
HP1507101_B16.fastq,347267
HP1507101_B17.fastq,268951
HP1507101_B18.fastq,342273
HP1507101_B19.fastq,726589
HP1507101_B1.fastq,574009
HP1507101_B20.fastq,480594
HP1507101_B21.fastq,580
HP1507101_B22.fastq,2037
HP1507101_B23.fastq,927583
HP1507101_B24.fastq,670003
HP1507101_B2.fastq,196280
HP1507101_B3.fastq,938905
HP1507101_B4.fastq,519519
HP1507101_B5.fastq,649983
HP1507101_B6.fastq,689286
HP1507101_B7.fastq,597190
HP1507101_B8.fastq,26608
HP1507101_B9.fastq,252362
HP1507101_C10.fastq,1078558
HP1507101_C11.fastq,31560
HP1507101_C12.fastq,420506
HP1507101_C13.fastq,12151
HP1507101_C14.fastq,412866
HP1507101_C15.fastq,29637
HP1507101_C16.fastq,207368
HP1507101_C17.fastq,13544
HP1507101_C18.fastq,198377
HP1507101_C19.fastq,18982
HP1507101_C1.fastq,3813
HP1507101_C20.fastq,295943
HP1507101_C21.fastq,1358
HP1507101_C22.fastq,5208
HP1507101_C23.fastq,5681
HP1507101_C24.fastq,147298
HP1507101_C2.fastq,1416601
HP1507101_C3.fastq,228117
HP1507101_C4.fastq,1158950
HP1507101_C5.fastq,372367
HP1507101_C6.fastq,61062
HP1507101_C7.fastq,215329
HP1507101_C8.fastq,686816
HP1507101_C9.fastq,12688
HP1507101_D10.fastq,361773
HP1507101_D11.fastq,227660
HP1507101_D12.fastq,838063
HP1507101_D13.fastq,133500
HP1507101_D14.fastq,1316482
HP1507101_D15.fastq,466842
HP1507101_D16.fastq,375649
HP1507101_D17.fastq,870728
HP1507101_D18.fastq,1529975
HP1507101_D19.fastq,336819
HP1507101_D1.fastq,1047543
HP1507101_D20.fastq,1131297
HP1507101_D21.fastq,461906
HP1507101_D22.fastq,486073
HP1507101_D23.fastq,348051
HP1507101_D24.fastq,686981
HP1507101_D2.fastq,395724
HP1507101_D3.fastq,1053428
HP1507101_D4.fastq,458158
HP1507101_D5.fastq,446280
HP1507101_D6.fastq,988245
HP1507101_D7.fastq,466945
HP1507101_D8.fastq,1394079
HP1507101_D9.fastq,410716
HP1507101_E10.fastq,1480495
HP1507101_E11.fastq,7664
HP1507101_E12.fastq,470259
HP1507101_E13.fastq,29713
HP1507101_E14.fastq,135578
HP1507101_E15.fastq,13407
HP1507101_E16.fastq,284506
HP1507101_E17.fastq,2693
HP1507101_E18.fastq,514919
HP1507101_E19.fastq,13928
HP1507101_E1.fastq,14252
HP1507101_E20.fastq,341976
HP1507101_E21.fastq,43558
HP1507101_E22.fastq,569293
HP1507101_E23.fastq,79977
HP1507101_E24.fastq,154934
HP1507101_E2.fastq,659675
HP1507101_E3.fastq,247696
HP1507101_E4.fastq,564827
HP1507101_E5.fastq,77707
HP1507101_E6.fastq,166301
HP1507101_E7.fastq,295224
HP1507101_E8.fastq,956353
HP1507101_E9.fastq,81160
HP1507101_F10.fastq,1569866
HP1507101_F11.fastq,229604
HP1507101_F12.fastq,987593
HP1507101_F13.fastq,628921
HP1507101_F14.fastq,695083
HP1507101_F15.fastq,787837
HP1507101_F16.fastq,657211
HP1507101_F17.fastq,346978
HP1507101_F18.fastq,174946
HP1507101_F19.fastq,309498
HP1507101_F1.fastq,1351502
HP1507101_F20.fastq,323746
HP1507101_F21.fastq,156391
HP1507101_F22.fastq,473141
HP1507101_F23.fastq,174075
HP1507101_F24.fastq,98153
HP1507101_F2.fastq,692017
HP1507101_F3.fastq,178893
HP1507101_F4.fastq,881998
HP1507101_F5.fastq,191069
HP1507101_F6.fastq,797464
HP1507101_F7.fastq,1055165
HP1507101_F8.fastq,1607622
HP1507101_F9.fastq,857316
HP1507101_G10.fastq,2279369
HP1507101_G11.fastq,309572
HP1507101_G12.fastq,1346270
HP1507101_G13.fastq,52950
HP1507101_G14.fastq,1270912
HP1507101_G15.fastq,108456
HP1507101_G16.fastq,420444
HP1507101_G17.fastq,40146
HP1507101_G18.fastq,1187274
HP1507101_G19.fastq,28391
HP1507101_G1.fastq,2087
HP1507101_G20.fastq,285803
HP1507101_G21.fastq,19683
HP1507101_G22.fastq,63349
HP1507101_G23.fastq,87862
HP1507101_G24.fastq,832071
HP1507101_G2.fastq,866069
HP1507101_G3.fastq,202409
HP1507101_G4.fastq,378383
HP1507101_G5.fastq,23006
HP1507101_G6.fastq,210829
HP1507101_G7.fastq,194804
HP1507101_G8.fastq,1002870
HP1507101_G9.fastq,407112
HP1507101_H10.fastq,943102
HP1507101_H11.fastq,665016
HP1507101_H12.fastq,1480253
HP1507101_H13.fastq,1058476
HP1507101_H14.fastq,935099
HP1507101_H15.fastq,1138655
HP1507101_H16.fastq,639760
HP1507101_H17.fastq,1028027
HP1507101_H18.fastq,538464
HP1507101_H19.fastq,541511
HP1507101_H1.fastq,1390182
HP1507101_H20.fastq,390016
HP1507101_H21.fastq,706603
HP1507101_H22.fastq,864492
HP1507101_H23.fastq,882073
HP1507101_H24.fastq,369044
HP1507101_H2.fastq,221703
HP1507101_H3.fastq,822449
HP1507101_H4.fastq,738676
HP1507101_H5.fastq,1057661
HP1507101_H6.fastq,1172203
HP1507101_H7.fastq,142910
HP1507101_H8.fastq,119147
HP1507101_H9.fastq,646591
HP1507101_I10.fastq,191808
HP1507101_I11.fastq,1071917
HP1507101_I12.fastq,724536
HP1507101_I13.fastq,1268995
HP1507101_I14.fastq,128356
HP1507101_I15.fastq,30228
HP1507101_I16.fastq,556348
HP1507101_I17.fastq,1669450
HP1507101_I18.fastq,887206
HP1507101_I19.fastq,86323
HP1507101_I1.fastq,5221
HP1507101_I20.fastq,1723026
HP1507101_I21.fastq,9058
HP1507101_I22.fastq,689277
HP1507101_I23.fastq,238397
HP1507101_I24.fastq,1457145
HP1507101_I2.fastq,2104071
HP1507101_I3.fastq,94990
HP1507101_I4.fastq,862290
HP1507101_I5.fastq,682071
HP1507101_I6.fastq,1275182
HP1507101_I7.fastq,183127
HP1507101_I8.fastq,892805
HP1507101_I9.fastq,223089
HP1507101_J10.fastq,98039
HP1507101_J11.fastq,1019466
HP1507101_J12.fastq,529392
HP1507101_J13.fastq,2981537
HP1507101_J14.fastq,470442
HP1507101_J15.fastq,890837
HP1507101_J16.fastq,159259
HP1507101_J17.fastq,900858
HP1507101_J18.fastq,388190
HP1507101_J19.fastq,211513
HP1507101_J1.fastq,209861
HP1507101_J20.fastq,658421
HP1507101_J21.fastq,60351
HP1507101_J22.fastq,398730
HP1507101_J23.fastq,690492
HP1507101_J24.fastq,885649
HP1507101_J2.fastq,1546506
HP1507101_J3.fastq,1164624
HP1507101_J4.fastq,711017
HP1507101_J5.fastq,916671
HP1507101_J6.fastq,395607
HP1507101_J7.fastq,1675219
HP1507101_J8.fastq,1608180
HP1507101_J9.fastq,982719
HP1507101_K10.fastq,18098
HP1507101_K11.fastq,251811
HP1507101_K12.fastq,15508
HP1507101_K13.fastq,143941
HP1507101_K14.fastq,58788
HP1507101_K15.fastq,101846
HP1507101_K16.fastq,856906
HP1507101_K17.fastq,469704
HP1507101_K18.fastq,115164
HP1507101_K19.fastq,12585
HP1507101_K1.fastq,16391
HP1507101_K20.fastq,815434
HP1507101_K21.fastq,18727
HP1507101_K22.fastq,131628
HP1507101_K23.fastq,300298
HP1507101_K24.fastq,468228
HP1507101_K2.fastq,521385
HP1507101_K3.fastq,147716
HP1507101_K4.fastq,276030
HP1507101_K5.fastq,230867
HP1507101_K6.fastq,409201
HP1507101_K7.fastq,83103
HP1507101_K8.fastq,58904
HP1507101_K9.fastq,8403
HP1507101_L10.fastq,185820
HP1507101_L11.fastq,121408
HP1507101_L12.fastq,292120
HP1507101_L13.fastq,797459
HP1507101_L14.fastq,823289
HP1507101_L15.fastq,46908
HP1507101_L16.fastq,496374
HP1507101_L17.fastq,85729
HP1507101_L18.fastq,308398
HP1507101_L19.fastq,194918
HP1507101_L1.fastq,664533
HP1507101_L20.fastq,81887
HP1507101_L21.fastq,356566
HP1507101_L22.fastq,155277
HP1507101_L23.fastq,260432
HP1507101_L24.fastq,219831
HP1507101_L2.fastq,842724
HP1507101_L3.fastq,421800
HP1507101_L4.fastq,734131
HP1507101_L5.fastq,130605
HP1507101_L6.fastq,775793
HP1507101_L7.fastq,507996
HP1507101_L8.fastq,1045596
HP1507101_L9.fastq,677412
HP1507101_M10.fastq,1068371
HP1507101_M11.fastq,402
HP1507101_M12.fastq,249973
HP1507101_M13.fastq,763
HP1507101_M14.fastq,2181080
HP1507101_M15.fastq,355
HP1507101_M16.fastq,175104
HP1507101_M17.fastq,499
HP1507101_M18.fastq,578000
HP1507101_M19.fastq,272
HP1507101_M1.fastq,395
HP1507101_M20.fastq,560714
HP1507101_M21.fastq,298
HP1507101_M22.fastq,110844
HP1507101_M23.fastq,321
HP1507101_M24.fastq,361447
HP1507101_M2.fastq,3397012
HP1507101_M3.fastq,448
HP1507101_M4.fastq,1168086
HP1507101_M5.fastq,325
HP1507101_M6.fastq,60179
HP1507101_M7.fastq,422
HP1507101_M8.fastq,318378
HP1507101_M9.fastq,330
HP1507101_N10.fastq,12847
HP1507101_N11.fastq,350966
HP1507101_N12.fastq,481715
HP1507101_N13.fastq,388438
HP1507101_N14.fastq,210300
HP1507101_N15.fastq,403411
HP1507101_N16.fastq,545664
HP1507101_N17.fastq,409671
HP1507101_N18.fastq,1147633
HP1507101_N19.fastq,546187
HP1507101_N1.fastq,1011234
HP1507101_N20.fastq,266378
HP1507101_N21.fastq,2529003
HP1507101_N22.fastq,62207
HP1507101_N23.fastq,690167
HP1507101_N24.fastq,42103
HP1507101_N2.fastq,275505
HP1507101_N3.fastq,954739
HP1507101_N4.fastq,946029
HP1507101_N5.fastq,308548
HP1507101_N6.fastq,804676
HP1507101_N7.fastq,114966
HP1507101_N8.fastq,750085
HP1507101_N9.fastq,740564
HP1507101_O10.fastq,552456
HP1507101_O11.fastq,589466
HP1507101_O12.fastq,917469
HP1507101_O13.fastq,608126
HP1507101_O14.fastq,78430
HP1507101_O15.fastq,62108
HP1507101_O16.fastq,1971344
HP1507101_O17.fastq,482022
HP1507101_O18.fastq,510858
HP1507101_O19.fastq,845399
HP1507101_O1.fastq,131404
HP1507101_O20.fastq,193057
HP1507101_O21.fastq,7204
HP1507101_O22.fastq,334163
HP1507101_O23.fastq,271531
HP1507101_O24.fastq,631810
HP1507101_O2.fastq,568412
HP1507101_O3.fastq,489222
HP1507101_O4.fastq,580605
HP1507101_O5.fastq,255008
HP1507101_O6.fastq,821923
HP1507101_O7.fastq,405636
HP1507101_O8.fastq,1116680
HP1507101_O9.fastq,1271281
HP1507101_P10.fastq,599762
HP1507101_P11.fastq,339197
HP1507101_P12.fastq,287554
HP1507101_P14.fastq,557831
HP1507101_P15.fastq,616928
HP1507101_P16.fastq,4689
HP1507101_P17.fastq,482890
HP1507101_P18.fastq,268375
HP1507101_P19.fastq,128959
HP1507101_P1.fastq,1584973
HP1507101_P20.fastq,47233
HP1507101_P21.fastq,708190
HP1507101_P22.fastq,4104
HP1507101_P23.fastq,89892
HP1507101_P24.fastq,19548
HP1507101_P2.fastq,792852
HP1507101_P3.fastq,1466777
HP1507101_P4.fastq,887207
HP1507101_P5.fastq,1430042
HP1507101_P6.fastq,496172
HP1507101_P7.fastq,126409
HP1507101_P8.fastq,53794
HP1507101_P9.fastq,79355
HP1508501T2D_A10.fastq,145850
HP1508501T2D_A11.fastq,810446
HP1508501T2D_A12.fastq,1573558
HP1508501T2D_A13.fastq,1268164
HP1508501T2D_A14.fastq,903370
HP1508501T2D_A15.fastq,360185
HP1508501T2D_A16.fastq,78703
HP1508501T2D_A17.fastq,1417880
HP1508501T2D_A18.fastq,148309
HP1508501T2D_A19.fastq,1071279
HP1508501T2D_A1.fastq,1851
HP1508501T2D_A20.fastq,839
HP1508501T2D_A21.fastq,393
HP1508501T2D_A22.fastq,188191
HP1508501T2D_A23.fastq,365980
HP1508501T2D_A24.fastq,371385
HP1508501T2D_A2.fastq,110207
HP1508501T2D_A3.fastq,642935
HP1508501T2D_A4.fastq,57261
HP1508501T2D_A5.fastq,3758
HP1508501T2D_A6.fastq,27510
HP1508501T2D_A7.fastq,78707
HP1508501T2D_A8.fastq,2961545
HP1508501T2D_A9.fastq,153319
HP1508501T2D_B10.fastq,292829
HP1508501T2D_B11.fastq,166601
HP1508501T2D_B12.fastq,1599010
HP1508501T2D_B13.fastq,421698
HP1508501T2D_B14.fastq,1886506
HP1508501T2D_B15.fastq,1483453
HP1508501T2D_B16.fastq,1059065
HP1508501T2D_B17.fastq,1995538
HP1508501T2D_B18.fastq,1577520
HP1508501T2D_B19.fastq,51793
HP1508501T2D_B1.fastq,170420
HP1508501T2D_B20.fastq,117387
HP1508501T2D_B21.fastq,6495641
HP1508501T2D_B22.fastq,331269
HP1508501T2D_B23.fastq,322461
HP1508501T2D_B24.fastq,446771
HP1508501T2D_B2.fastq,12689
HP1508501T2D_B3.fastq,822031
HP1508501T2D_B4.fastq,224026
HP1508501T2D_B5.fastq,237443
HP1508501T2D_B6.fastq,3365
HP1508501T2D_B7.fastq,1254
HP1508501T2D_B8.fastq,1306237
HP1508501T2D_B9.fastq,73665
HP1508501T2D_C10.fastq,771576
HP1508501T2D_C11.fastq,808525
HP1508501T2D_C12.fastq,422607
HP1508501T2D_C13.fastq,1131434
HP1508501T2D_C14.fastq,258117
HP1508501T2D_C15.fastq,183691
HP1508501T2D_C16.fastq,194840
HP1508501T2D_C17.fastq,144065
HP1508501T2D_C18.fastq,1086755
HP1508501T2D_C19.fastq,408264
HP1508501T2D_C1.fastq,83941
HP1508501T2D_C20.fastq,218673
HP1508501T2D_C21.fastq,49086
HP1508501T2D_C22.fastq,415954
HP1508501T2D_C23.fastq,2380779
HP1508501T2D_C24.fastq,445896
HP1508501T2D_C2.fastq,489534
HP1508501T2D_C3.fastq,56305
HP1508501T2D_C4.fastq,314576
HP1508501T2D_C5.fastq,28947
HP1508501T2D_C6.fastq,26717
HP1508501T2D_C7.fastq,37316
HP1508501T2D_C8.fastq,721454
HP1508501T2D_C9.fastq,639605
HP1508501T2D_D10.fastq,605472
HP1508501T2D_D11.fastq,107275
HP1508501T2D_D12.fastq,40733
HP1508501T2D_D13.fastq,271474
HP1508501T2D_D14.fastq,620709
HP1508501T2D_D15.fastq,1000341
HP1508501T2D_D16.fastq,572841
HP1508501T2D_D17.fastq,3531727
HP1508501T2D_D18.fastq,2349174
HP1508501T2D_D19.fastq,10472
HP1508501T2D_D1.fastq,660565
HP1508501T2D_D20.fastq,62661
HP1508501T2D_D21.fastq,3490992
HP1508501T2D_D22.fastq,366609
HP1508501T2D_D23.fastq,2612
HP1508501T2D_D24.fastq,574475
HP1508501T2D_D2.fastq,1879482
HP1508501T2D_D3.fastq,814663
HP1508501T2D_D4.fastq,42231
HP1508501T2D_D5.fastq,577306
HP1508501T2D_D6.fastq,354422
HP1508501T2D_D7.fastq,10314
HP1508501T2D_D8.fastq,2812313
HP1508501T2D_D9.fastq,1106859
HP1508501T2D_E10.fastq,306803
HP1508501T2D_E11.fastq,3050971
HP1508501T2D_E12.fastq,449765
HP1508501T2D_E13.fastq,693952
HP1508501T2D_E14.fastq,109322
HP1508501T2D_E15.fastq,518794
HP1508501T2D_E16.fastq,117307
HP1508501T2D_E17.fastq,918344
HP1508501T2D_E18.fastq,1634140
HP1508501T2D_E19.fastq,1187570
HP1508501T2D_E1.fastq,1036296
HP1508501T2D_E20.fastq,429539
HP1508501T2D_E21.fastq,90417
HP1508501T2D_E22.fastq,6585561
HP1508501T2D_E23.fastq,9472770
HP1508501T2D_E24.fastq,296048
HP1508501T2D_E2.fastq,107303
HP1508501T2D_E3.fastq,455322
HP1508501T2D_E4.fastq,457118
HP1508501T2D_E5.fastq,8886
HP1508501T2D_E6.fastq,233478
HP1508501T2D_E7.fastq,321902
HP1508501T2D_E8.fastq,455324
HP1508501T2D_E9.fastq,2606201
HP1508501T2D_F10.fastq,23377
HP1508501T2D_F11.fastq,428153
HP1508501T2D_F12.fastq,2907794
HP1508501T2D_F13.fastq,5737
HP1508501T2D_F14.fastq,1105194
HP1508501T2D_F15.fastq,254336
HP1508501T2D_F16.fastq,1661776
HP1508501T2D_F17.fastq,1374830
HP1508501T2D_F18.fastq,1365144
HP1508501T2D_F19.fastq,9360
HP1508501T2D_F1.fastq,307955
HP1508501T2D_F20.fastq,1518889
HP1508501T2D_F21.fastq,6889904
HP1508501T2D_F22.fastq,87173
HP1508501T2D_F23.fastq,93479
HP1508501T2D_F24.fastq,6467
HP1508501T2D_F2.fastq,1289309
HP1508501T2D_F3.fastq,533958
HP1508501T2D_F4.fastq,648460
HP1508501T2D_F5.fastq,319060
HP1508501T2D_F6.fastq,18309
HP1508501T2D_F7.fastq,700330
HP1508501T2D_F8.fastq,4878408
HP1508501T2D_F9.fastq,241770
HP1508501T2D_G10.fastq,1812660
HP1508501T2D_G11.fastq,1059552
HP1508501T2D_G12.fastq,478702
HP1508501T2D_G13.fastq,1569559
HP1508501T2D_G14.fastq,254773
HP1508501T2D_G15.fastq,979619
HP1508501T2D_G16.fastq,186188
HP1508501T2D_G17.fastq,2619744
HP1508501T2D_G18.fastq,7135611
HP1508501T2D_G19.fastq,3663350
HP1508501T2D_G1.fastq,1956009
HP1508501T2D_G20.fastq,507249
HP1508501T2D_G21.fastq,85946
HP1508501T2D_G22.fastq,703218
HP1508501T2D_G23.fastq,1866729
HP1508501T2D_G24.fastq,578885
HP1508501T2D_G2.fastq,821974
HP1508501T2D_G3.fastq,2341025
HP1508501T2D_G4.fastq,560713
HP1508501T2D_G5.fastq,69441
HP1508501T2D_G6.fastq,77755
HP1508501T2D_G7.fastq,98157
HP1508501T2D_G8.fastq,318427
HP1508501T2D_G9.fastq,393023
HP1508501T2D_H10.fastq,607675
HP1508501T2D_H11.fastq,2792339
HP1508501T2D_H12.fastq,1428076
HP1508501T2D_H13.fastq,766601
HP1508501T2D_H14.fastq,298155
HP1508501T2D_H15.fastq,266815
HP1508501T2D_H16.fastq,2833903
HP1508501T2D_H17.fastq,596658
HP1508501T2D_H18.fastq,2011652
HP1508501T2D_H19.fastq,12607
HP1508501T2D_H1.fastq,171350
HP1508501T2D_H20.fastq,498838
HP1508501T2D_H21.fastq,3917340
HP1508501T2D_H22.fastq,543222
HP1508501T2D_H23.fastq,139071
HP1508501T2D_H24.fastq,64107
HP1508501T2D_H2.fastq,1099962
HP1508501T2D_H3.fastq,1473093
HP1508501T2D_H4.fastq,2113216
HP1508501T2D_H5.fastq,741553
HP1508501T2D_H6.fastq,1525589
HP1508501T2D_H7.fastq,68694
HP1508501T2D_H8.fastq,84993
HP1508501T2D_H9.fastq,2090220
HP1508501T2D_I10.fastq,1584548
HP1508501T2D_I11.fastq,3078873
HP1508501T2D_I12.fastq,1780146
HP1508501T2D_I13.fastq,643872
HP1508501T2D_I14.fastq,194706
HP1508501T2D_I15.fastq,374927
HP1508501T2D_I16.fastq,547225
HP1508501T2D_I17.fastq,1691199
HP1508501T2D_I18.fastq,3001983
HP1508501T2D_I19.fastq,1587301
HP1508501T2D_I1.fastq,1505404
HP1508501T2D_I20.fastq,256620
HP1508501T2D_I21.fastq,116220
HP1508501T2D_I22.fastq,1682218
HP1508501T2D_I23.fastq,328491
HP1508501T2D_I24.fastq,1739844
HP1508501T2D_I2.fastq,211840
HP1508501T2D_I3.fastq,2032500
HP1508501T2D_I4.fastq,772308
HP1508501T2D_I5.fastq,44513
HP1508501T2D_I6.fastq,43308
HP1508501T2D_I7.fastq,257935
HP1508501T2D_I8.fastq,837011
HP1508501T2D_I9.fastq,26497
HP1508501T2D_J10.fastq,22185
HP1508501T2D_J11.fastq,1892229
HP1508501T2D_J12.fastq,8373688
HP1508501T2D_J13.fastq,814852
HP1508501T2D_J14.fastq,3117583
HP1508501T2D_J15.fastq,485925
HP1508501T2D_J16.fastq,534260
HP1508501T2D_J17.fastq,826343
HP1508501T2D_J18.fastq,797074
HP1508501T2D_J19.fastq,49854
HP1508501T2D_J1.fastq,2167128
HP1508501T2D_J20.fastq,475858
HP1508501T2D_J21.fastq,1018227
HP1508501T2D_J22.fastq,456495
HP1508501T2D_J23.fastq,201479
HP1508501T2D_J24.fastq,497898
HP1508501T2D_J2.fastq,265481
HP1508501T2D_J3.fastq,1572103
HP1508501T2D_J4.fastq,2006037
HP1508501T2D_J5.fastq,162292
HP1508501T2D_J6.fastq,1426967
HP1508501T2D_J7.fastq,29336
HP1508501T2D_J8.fastq,3592734
HP1508501T2D_J9.fastq,150261
HP1508501T2D_K10.fastq,96496
HP1508501T2D_K11.fastq,15106
HP1508501T2D_K12.fastq,106812
HP1508501T2D_K13.fastq,189037
HP1508501T2D_K14.fastq,617757
HP1508501T2D_K15.fastq,815860
HP1508501T2D_K16.fastq,369489
HP1508501T2D_K17.fastq,1784543
HP1508501T2D_K18.fastq,1009369
HP1508501T2D_K19.fastq,720868
HP1508501T2D_K1.fastq,293862
HP1508501T2D_K20.fastq,367448
HP1508501T2D_K21.fastq,156041
HP1508501T2D_K22.fastq,3595715
HP1508501T2D_K23.fastq,2760326
HP1508501T2D_K24.fastq,373702
HP1508501T2D_K2.fastq,876424
HP1508501T2D_K3.fastq,1552899
HP1508501T2D_K4.fastq,424631
HP1508501T2D_K5.fastq,123507
HP1508501T2D_K6.fastq,187914
HP1508501T2D_K7.fastq,1452843
HP1508501T2D_K8.fastq,53022
HP1508501T2D_K9.fastq,151821
HP1508501T2D_L10.fastq,744570
HP1508501T2D_L11.fastq,124810
HP1508501T2D_L12.fastq,145401
HP1508501T2D_L13.fastq,740157
HP1508501T2D_L14.fastq,1582737
HP1508501T2D_L15.fastq,729914
HP1508501T2D_L16.fastq,305649
HP1508501T2D_L17.fastq,1472264
HP1508501T2D_L18.fastq,479345
HP1508501T2D_L19.fastq,3903
HP1508501T2D_L1.fastq,52807
HP1508501T2D_L20.fastq,182161
HP1508501T2D_L21.fastq,1553685
HP1508501T2D_L22.fastq,40553
HP1508501T2D_L23.fastq,141001
HP1508501T2D_L24.fastq,1097347
HP1508501T2D_L2.fastq,1727691
HP1508501T2D_L3.fastq,102711
HP1508501T2D_L4.fastq,67431
HP1508501T2D_L5.fastq,250923
HP1508501T2D_L6.fastq,567591
HP1508501T2D_L7.fastq,302057
HP1508501T2D_L8.fastq,227471
HP1508501T2D_L9.fastq,950143
HP1508501T2D_M10.fastq,288250
HP1508501T2D_M11.fastq,170530
HP1508501T2D_M12.fastq,1627445
HP1508501T2D_M13.fastq,11232
HP1508501T2D_M14.fastq,187482
HP1508501T2D_M15.fastq,1089447
HP1508501T2D_M16.fastq,154782
HP1508501T2D_M17.fastq,3091888
HP1508501T2D_M18.fastq,1937434
HP1508501T2D_M19.fastq,423928
HP1508501T2D_M1.fastq,196211
HP1508501T2D_M20.fastq,352779
HP1508501T2D_M21.fastq,14067
HP1508501T2D_M22.fastq,3374864
HP1508501T2D_M23.fastq,1186090
HP1508501T2D_M24.fastq,28082
HP1508501T2D_M2.fastq,9720
HP1508501T2D_M3.fastq,1461019
HP1508501T2D_M4.fastq,198525
HP1508501T2D_M5.fastq,230326
HP1508501T2D_M6.fastq,39155
HP1508501T2D_M7.fastq,408183
HP1508501T2D_M8.fastq,208844
HP1508501T2D_M9.fastq,104525
HP1508501T2D_N10.fastq,1270538
HP1508501T2D_N11.fastq,531878
HP1508501T2D_N12.fastq,225570
HP1508501T2D_N13.fastq,735613
HP1508501T2D_N14.fastq,11364
HP1508501T2D_N15.fastq,722031
HP1508501T2D_N16.fastq,378807
HP1508501T2D_N17.fastq,649602
HP1508501T2D_N18.fastq,783278
HP1508501T2D_N19.fastq,54055
HP1508501T2D_N1.fastq,2947327
HP1508501T2D_N20.fastq,252248
HP1508501T2D_N21.fastq,5256571
HP1508501T2D_N22.fastq,1319991
HP1508501T2D_N23.fastq,1223258
HP1508501T2D_N24.fastq,736268
HP1508501T2D_N2.fastq,1714894
HP1508501T2D_N3.fastq,73206
HP1508501T2D_N4.fastq,2976400
HP1508501T2D_N5.fastq,52054
HP1508501T2D_N6.fastq,598685
HP1508501T2D_N7.fastq,698020
HP1508501T2D_N8.fastq,536569
HP1508501T2D_N9.fastq,118404
HP1508501T2D_O10.fastq,34906
HP1508501T2D_O11.fastq,963119
HP1508501T2D_O12.fastq,457354
HP1508501T2D_O13.fastq,812340
HP1508501T2D_O14.fastq,125945
HP1508501T2D_O15.fastq,9764
HP1508501T2D_O16.fastq,7887
HP1508501T2D_O17.fastq,139919
HP1508501T2D_O18.fastq,19121
HP1508501T2D_O19.fastq,3181
HP1508501T2D_O1.fastq,1006946
HP1508501T2D_O20.fastq,9211
HP1508501T2D_O21.fastq,3604
HP1508501T2D_O22.fastq,50369
HP1508501T2D_O23.fastq,58524
HP1508501T2D_O24.fastq,7326
HP1508501T2D_O2.fastq,578
HP1508501T2D_O3.fastq,391853
HP1508501T2D_O4.fastq,111700
HP1508501T2D_O5.fastq,4373
HP1508501T2D_O6.fastq,22926
HP1508501T2D_O7.fastq,452480
HP1508501T2D_O8.fastq,2418113
HP1508501T2D_O9.fastq,359729
HP1508501T2D_P10.fastq,4976
HP1508501T2D_P11.fastq,141815
HP1508501T2D_P12.fastq,28509
HP1508501T2D_P14.fastq,1773215
HP1508501T2D_P15.fastq,22891
HP1508501T2D_P16.fastq,54671
HP1508501T2D_P17.fastq,20190
HP1508501T2D_P18.fastq,33546
HP1508501T2D_P19.fastq,516
HP1508501T2D_P1.fastq,1092650
HP1508501T2D_P20.fastq,2346
HP1508501T2D_P21.fastq,64864
HP1508501T2D_P22.fastq,27604
HP1508501T2D_P23.fastq,447
HP1508501T2D_P24.fastq,8649
HP1508501T2D_P2.fastq,861097
HP1508501T2D_P3.fastq,995737
HP1508501T2D_P4.fastq,264982
HP1508501T2D_P5.fastq,59957
HP1508501T2D_P6.fastq,207248
HP1508501T2D_P7.fastq,984493
HP1508501T2D_P8.fastq,3985838
HP1508501T2D_P9.fastq,107232
HP1509101_A10.fastq,13816
HP1509101_A11.fastq,15714
HP1509101_A12.fastq,1348
HP1509101_A13.fastq,8145
HP1509101_A14.fastq,13715
HP1509101_A15.fastq,569
HP1509101_A16.fastq,4763
HP1509101_A17.fastq,37610
HP1509101_A18.fastq,2109
HP1509101_A19.fastq,3792
HP1509101_A1.fastq,36980
HP1509101_A20.fastq,28821
HP1509101_A21.fastq,946
HP1509101_A22.fastq,1752
HP1509101_A23.fastq,4179
HP1509101_A24.fastq,9235566
HP1509101_A2.fastq,26695
HP1509101_A3.fastq,388395
HP1509101_A4.fastq,34352
HP1509101_A5.fastq,18156
HP1509101_A6.fastq,3425
HP1509101_A7.fastq,145542
HP1509101_A8.fastq,69427
HP1509101_A9.fastq,7156
HP1509101_B10.fastq,785156
HP1509101_B11.fastq,134712
HP1509101_B12.fastq,501683
HP1509101_B13.fastq,99563
HP1509101_B14.fastq,68513
HP1509101_B15.fastq,14014
HP1509101_B16.fastq,468445
HP1509101_B17.fastq,2291246
HP1509101_B18.fastq,98726
HP1509101_B19.fastq,427513
HP1509101_B1.fastq,9180
HP1509101_B20.fastq,2351609
HP1509101_B21.fastq,829
HP1509101_B22.fastq,753
HP1509101_B23.fastq,181396
HP1509101_B24.fastq,1898388
HP1509101_B2.fastq,74956
HP1509101_B3.fastq,730175
HP1509101_B4.fastq,32209
HP1509101_B5.fastq,1666
HP1509101_B6.fastq,4255
HP1509101_B7.fastq,3568
HP1509101_B8.fastq,42141
HP1509101_B9.fastq,25065
HP1509101_C10.fastq,2255
HP1509101_C11.fastq,17676
HP1509101_C12.fastq,1033846
HP1509101_C13.fastq,923
HP1509101_C14.fastq,9248
HP1509101_C15.fastq,678
HP1509101_C16.fastq,4766
HP1509101_C17.fastq,2299
HP1509101_C18.fastq,4619
HP1509101_C19.fastq,15018
HP1509101_C1.fastq,560890
HP1509101_C20.fastq,6933
HP1509101_C21.fastq,97337
HP1509101_C22.fastq,103508
HP1509101_C23.fastq,159926
HP1509101_C24.fastq,14331
HP1509101_C2.fastq,74644
HP1509101_C3.fastq,5548
HP1509101_C4.fastq,2928
HP1509101_C5.fastq,1711
HP1509101_C6.fastq,74058
HP1509101_C7.fastq,1467
HP1509101_C8.fastq,2781
HP1509101_C9.fastq,8337
HP1509101_D10.fastq,1258573
HP1509101_D11.fastq,19196
HP1509101_D12.fastq,1148
HP1509101_D13.fastq,4418
HP1509101_D14.fastq,311689
HP1509101_D15.fastq,138383
HP1509101_D16.fastq,560
HP1509101_D17.fastq,718904
HP1509101_D18.fastq,2358437
HP1509101_D19.fastq,891991
HP1509101_D1.fastq,8825
HP1509101_D20.fastq,664041
HP1509101_D21.fastq,366353
HP1509101_D22.fastq,164870
HP1509101_D23.fastq,758398
HP1509101_D24.fastq,3159
HP1509101_D2.fastq,189184
HP1509101_D3.fastq,56907
HP1509101_D4.fastq,72825
HP1509101_D5.fastq,81277
HP1509101_D6.fastq,2291
HP1509101_D7.fastq,30125
HP1509101_D8.fastq,3458008
HP1509101_D9.fastq,36349
HP1509101_E10.fastq,236926
HP1509101_E11.fastq,457
HP1509101_E12.fastq,2802
HP1509101_E13.fastq,2192
HP1509101_E14.fastq,20419
HP1509101_E15.fastq,1440
HP1509101_E16.fastq,10266
HP1509101_E17.fastq,6204
HP1509101_E18.fastq,4087
HP1509101_E19.fastq,114378
HP1509101_E1.fastq,10130
HP1509101_E20.fastq,4921
HP1509101_E21.fastq,2418
HP1509101_E22.fastq,791224
HP1509101_E23.fastq,15461
HP1509101_E24.fastq,84449
HP1509101_E2.fastq,4784
HP1509101_E3.fastq,54283
HP1509101_E4.fastq,392458
HP1509101_E5.fastq,810193
HP1509101_E6.fastq,35168
HP1509101_E7.fastq,14563
HP1509101_E8.fastq,201131
HP1509101_E9.fastq,226747
HP1509101_F10.fastq,934
HP1509101_F11.fastq,2280
HP1509101_F12.fastq,11607
HP1509101_F13.fastq,163498
HP1509101_F14.fastq,868
HP1509101_F15.fastq,23287
HP1509101_F16.fastq,14410
HP1509101_F17.fastq,17867
HP1509101_F18.fastq,92121
HP1509101_F19.fastq,814699
HP1509101_F1.fastq,262165
HP1509101_F20.fastq,855
HP1509101_F21.fastq,1664562
HP1509101_F22.fastq,1850357
HP1509101_F23.fastq,2888283
HP1509101_F24.fastq,2962246
HP1509101_F2.fastq,1680414
HP1509101_F3.fastq,31354
HP1509101_F4.fastq,237704
HP1509101_F5.fastq,330730
HP1509101_F6.fastq,20492
HP1509101_F7.fastq,127132
HP1509101_F8.fastq,153080
HP1509101_F9.fastq,7673
HP1509101_G10.fastq,495634
HP1509101_G11.fastq,13067
HP1509101_G12.fastq,332995
HP1509101_G13.fastq,6128
HP1509101_G14.fastq,552191
HP1509101_G15.fastq,157085
HP1509101_G16.fastq,168058
HP1509101_G17.fastq,381956
HP1509101_G18.fastq,151653
HP1509101_G19.fastq,214173
HP1509101_G1.fastq,50292
HP1509101_G20.fastq,147074
HP1509101_G21.fastq,1620382
HP1509101_G22.fastq,151950
HP1509101_G23.fastq,2534049
HP1509101_G24.fastq,1032484
HP1509101_G2.fastq,54364
HP1509101_G3.fastq,50180
HP1509101_G4.fastq,360662
HP1509101_G5.fastq,18832
HP1509101_G6.fastq,53959
HP1509101_G7.fastq,29088
HP1509101_G8.fastq,46458
HP1509101_G9.fastq,136706
HP1509101_H10.fastq,81757
HP1509101_H11.fastq,1113897
HP1509101_H12.fastq,1476
HP1509101_H13.fastq,481951
HP1509101_H14.fastq,27995
HP1509101_H15.fastq,9430
HP1509101_H16.fastq,1041598
HP1509101_H17.fastq,45425
HP1509101_H18.fastq,995
HP1509101_H19.fastq,26994
HP1509101_H1.fastq,193151
HP1509101_H20.fastq,607765
HP1509101_H21.fastq,483728
HP1509101_H22.fastq,1322550
HP1509101_H23.fastq,2369230
HP1509101_H24.fastq,2714787
HP1509101_H2.fastq,629800
HP1509101_H3.fastq,193913
HP1509101_H4.fastq,72049
HP1509101_H5.fastq,17598
HP1509101_H6.fastq,682
HP1509101_H7.fastq,136526
HP1509101_H8.fastq,47873
HP1509101_H9.fastq,654467
HP1509101_I10.fastq,173933
HP1509101_I11.fastq,128959
HP1509101_I12.fastq,2126767
HP1509101_I13.fastq,54788
HP1509101_I14.fastq,1061085
HP1509101_I15.fastq,636745
HP1509101_I16.fastq,22448
HP1509101_I17.fastq,1804715
HP1509101_I18.fastq,26588
HP1509101_I19.fastq,114588
HP1509101_I1.fastq,490
HP1509101_I20.fastq,5139
HP1509101_I21.fastq,343586
HP1509101_I22.fastq,21639
HP1509101_I23.fastq,1315449
HP1509101_I24.fastq,797827
HP1509101_I2.fastq,5583
HP1509101_I3.fastq,19697
HP1509101_I4.fastq,17660
HP1509101_I5.fastq,111377
HP1509101_I6.fastq,297355
HP1509101_I7.fastq,2767
HP1509101_I8.fastq,225702
HP1509101_I9.fastq,343468
HP1509101_J10.fastq,9108
HP1509101_J11.fastq,23973
HP1509101_J12.fastq,225391
HP1509101_J13.fastq,3537
HP1509101_J14.fastq,21694
HP1509101_J15.fastq,508146
HP1509101_J16.fastq,100011
HP1509101_J17.fastq,79274
HP1509101_J18.fastq,44720
HP1509101_J19.fastq,543172
HP1509101_J1.fastq,8524
HP1509101_J20.fastq,438652
HP1509101_J21.fastq,318937
HP1509101_J22.fastq,70318
HP1509101_J23.fastq,94202
HP1509101_J24.fastq,584161
HP1509101_J2.fastq,38013
HP1509101_J3.fastq,58337
HP1509101_J4.fastq,569397
HP1509101_J5.fastq,70938
HP1509101_J6.fastq,90765
HP1509101_J7.fastq,56969
HP1509101_J8.fastq,388024
HP1509101_J9.fastq,236551
HP1509101_K10.fastq,468046
HP1509101_K11.fastq,37380
HP1509101_K12.fastq,48772
HP1509101_K13.fastq,14165
HP1509101_K14.fastq,70882
HP1509101_K15.fastq,107121
HP1509101_K16.fastq,21716
HP1509101_K17.fastq,12702
HP1509101_K18.fastq,16307
HP1509101_K19.fastq,76731
HP1509101_K1.fastq,293
HP1509101_K20.fastq,17673
HP1509101_K21.fastq,76823
HP1509101_K22.fastq,104122
HP1509101_K23.fastq,20055
HP1509101_K24.fastq,21363
HP1509101_K2.fastq,8228
HP1509101_K3.fastq,290329
HP1509101_K4.fastq,37931
HP1509101_K5.fastq,78081
HP1509101_K6.fastq,226841
HP1509101_K7.fastq,49293
HP1509101_K8.fastq,53889
HP1509101_K9.fastq,621597
HP1509101_L10.fastq,15327
HP1509101_L11.fastq,611766
HP1509101_L12.fastq,18162
HP1509101_L13.fastq,181911
HP1509101_L14.fastq,79727
HP1509101_L15.fastq,1951
HP1509101_L16.fastq,117581
HP1509101_L17.fastq,65516
HP1509101_L18.fastq,320923
HP1509101_L19.fastq,347272
HP1509101_L1.fastq,868
HP1509101_L20.fastq,23395
HP1509101_L21.fastq,13701
HP1509101_L22.fastq,5319
HP1509101_L23.fastq,128914
HP1509101_L24.fastq,2062262
HP1509101_L2.fastq,5502
HP1509101_L3.fastq,76491
HP1509101_L4.fastq,345
HP1509101_L5.fastq,8520
HP1509101_L6.fastq,25637
HP1509101_L7.fastq,64053
HP1509101_L8.fastq,1583182
HP1509101_L9.fastq,12505
HP1509101_M10.fastq,1427701
HP1509101_M11.fastq,167
HP1509101_M12.fastq,234056
HP1509101_M13.fastq,227
HP1509101_M14.fastq,19890
HP1509101_M15.fastq,203
HP1509101_M16.fastq,27888
HP1509101_M17.fastq,590
HP1509101_M18.fastq,16558
HP1509101_M19.fastq,303
HP1509101_M1.fastq,138
HP1509101_M20.fastq,2778
HP1509101_M21.fastq,316
HP1509101_M22.fastq,158996
HP1509101_M23.fastq,550
HP1509101_M24.fastq,20714
HP1509101_M2.fastq,1783
HP1509101_M3.fastq,140
HP1509101_M4.fastq,16539
HP1509101_M5.fastq,98
HP1509101_M6.fastq,1802405
HP1509101_M7.fastq,150
HP1509101_M8.fastq,159239
HP1509101_M9.fastq,320
HP1509101_N10.fastq,690855
HP1509101_N11.fastq,22686
HP1509101_N12.fastq,1192395
HP1509101_N13.fastq,286036
HP1509101_N14.fastq,1279118
HP1509101_N15.fastq,16880
HP1509101_N16.fastq,32835
HP1509101_N17.fastq,1575821
HP1509101_N18.fastq,851735
HP1509101_N19.fastq,60656
HP1509101_N1.fastq,40662
HP1509101_N20.fastq,612989
HP1509101_N21.fastq,26563
HP1509101_N22.fastq,15218
HP1509101_N23.fastq,145555
HP1509101_N24.fastq,224523
HP1509101_N2.fastq,16068
HP1509101_N3.fastq,35786
HP1509101_N4.fastq,199519
HP1509101_N5.fastq,78952
HP1509101_N6.fastq,99384
HP1509101_N7.fastq,182274
HP1509101_N8.fastq,11274
HP1509101_N9.fastq,375618
HP1509101_O10.fastq,78737
HP1509101_O11.fastq,21474
HP1509101_O12.fastq,1128927
HP1509101_O13.fastq,196721
HP1509101_O14.fastq,2239774
HP1509101_O15.fastq,32503
HP1509101_O16.fastq,432504
HP1509101_O17.fastq,1412822
HP1509101_O18.fastq,86986
HP1509101_O19.fastq,156977
HP1509101_O1.fastq,55748
HP1509101_O20.fastq,42183
HP1509101_O21.fastq,2282
HP1509101_O22.fastq,1818
HP1509101_O23.fastq,44334
HP1509101_O24.fastq,156855
HP1509101_O2.fastq,147689
HP1509101_O3.fastq,2693
HP1509101_O4.fastq,403737
HP1509101_O5.fastq,3400
HP1509101_O6.fastq,1505389
HP1509101_O7.fastq,65960
HP1509101_O8.fastq,233911
HP1509101_O9.fastq,1361086
HP1509101_P10.fastq,23945
HP1509101_P11.fastq,18924
HP1509101_P12.fastq,1058941
HP1509101_P14.fastq,202701
HP1509101_P15.fastq,28739
HP1509101_P16.fastq,2332
HP1509101_P17.fastq,479830
HP1509101_P18.fastq,1607929
HP1509101_P19.fastq,5590
HP1509101_P1.fastq,347263
HP1509101_P20.fastq,128164
HP1509101_P21.fastq,642
HP1509101_P22.fastq,17905
HP1509101_P23.fastq,174552
HP1509101_P24.fastq,4803
HP1509101_P2.fastq,64569
HP1509101_P3.fastq,32341
HP1509101_P4.fastq,111376
HP1509101_P5.fastq,17267
HP1509101_P6.fastq,775643
HP1509101_P7.fastq,714242
HP1509101_P8.fastq,1570025
HP1509101_P9.fastq,723483
HP1525301T2D_A10.fastq,412416
HP1525301T2D_A11.fastq,369514
HP1525301T2D_A12.fastq,347117
HP1525301T2D_A13.fastq,264408
HP1525301T2D_A14.fastq,324348
HP1525301T2D_A15.fastq,357234
HP1525301T2D_A16.fastq,309462
HP1525301T2D_A17.fastq,266275
HP1525301T2D_A18.fastq,215579
HP1525301T2D_A19.fastq,418536
HP1525301T2D_A1.fastq,378156
HP1525301T2D_A20.fastq,407836
HP1525301T2D_A21.fastq,326679
HP1525301T2D_A22.fastq,355595
HP1525301T2D_A23.fastq,404222
HP1525301T2D_A24.fastq,452372
HP1525301T2D_A2.fastq,453713
HP1525301T2D_A3.fastq,419467
HP1525301T2D_A4.fastq,430613
HP1525301T2D_A5.fastq,360875
HP1525301T2D_A6.fastq,252202
HP1525301T2D_A7.fastq,413963
HP1525301T2D_A8.fastq,106882
HP1525301T2D_A9.fastq,164856
HP1525301T2D_B10.fastq,352073
HP1525301T2D_B11.fastq,379179
HP1525301T2D_B12.fastq,383113
HP1525301T2D_B13.fastq,366836
HP1525301T2D_B14.fastq,200844
HP1525301T2D_B15.fastq,172023
HP1525301T2D_B16.fastq,414615
HP1525301T2D_B17.fastq,323012
HP1525301T2D_B18.fastq,283497
HP1525301T2D_B19.fastq,382188
HP1525301T2D_B1.fastq,433781
HP1525301T2D_B20.fastq,286447
HP1525301T2D_B21.fastq,385751
HP1525301T2D_B22.fastq,381828
HP1525301T2D_B23.fastq,334430
HP1525301T2D_B24.fastq,446686
HP1525301T2D_B2.fastq,214992
HP1525301T2D_B3.fastq,376283
HP1525301T2D_B4.fastq,289358
HP1525301T2D_B5.fastq,304030
HP1525301T2D_B6.fastq,338737
HP1525301T2D_B7.fastq,368688
HP1525301T2D_B8.fastq,247325
HP1525301T2D_B9.fastq,308592
HP1525301T2D_C10.fastq,364368
HP1525301T2D_C11.fastq,454217
HP1525301T2D_C12.fastq,397091
HP1525301T2D_C13.fastq,411436
HP1525301T2D_C14.fastq,260286
HP1525301T2D_C15.fastq,283833
HP1525301T2D_C16.fastq,337122
HP1525301T2D_C17.fastq,328000
HP1525301T2D_C18.fastq,220438
HP1525301T2D_C19.fastq,412490
HP1525301T2D_C1.fastq,240646
HP1525301T2D_C20.fastq,218673
HP1525301T2D_C21.fastq,321267
HP1525301T2D_C22.fastq,392163
HP1525301T2D_C23.fastq,251832
HP1525301T2D_C24.fastq,383660
HP1525301T2D_C2.fastq,235251
HP1525301T2D_C3.fastq,294791
HP1525301T2D_C4.fastq,202825
HP1525301T2D_C5.fastq,236867
HP1525301T2D_C6.fastq,294481
HP1525301T2D_C7.fastq,287283
HP1525301T2D_C8.fastq,287676
HP1525301T2D_C9.fastq,337576
HP1525301T2D_D10.fastq,328791
HP1525301T2D_D11.fastq,307302
HP1525301T2D_D12.fastq,417125
HP1525301T2D_D13.fastq,299362
HP1525301T2D_D14.fastq,299821
HP1525301T2D_D15.fastq,142206
HP1525301T2D_D16.fastq,230707
HP1525301T2D_D17.fastq,254685
HP1525301T2D_D18.fastq,188258
HP1525301T2D_D19.fastq,349841
HP1525301T2D_D1.fastq,425302
HP1525301T2D_D20.fastq,259401
HP1525301T2D_D21.fastq,320523
HP1525301T2D_D22.fastq,352752
HP1525301T2D_D23.fastq,67085
HP1525301T2D_D24.fastq,453839
HP1525301T2D_D2.fastq,265897
HP1525301T2D_D3.fastq,322646
HP1525301T2D_D4.fastq,267823
HP1525301T2D_D5.fastq,354182
HP1525301T2D_D6.fastq,291221
HP1525301T2D_D7.fastq,374313
HP1525301T2D_D8.fastq,252398
HP1525301T2D_D9.fastq,372773
HP1525301T2D_E10.fastq,524686
HP1525301T2D_E11.fastq,515693
HP1525301T2D_E12.fastq,381812
HP1525301T2D_E13.fastq,375213
HP1525301T2D_E14.fastq,411940
HP1525301T2D_E15.fastq,483815
HP1525301T2D_E16.fastq,488030
HP1525301T2D_E17.fastq,376211
HP1525301T2D_E18.fastq,183547
HP1525301T2D_E19.fastq,425641
HP1525301T2D_E1.fastq,428731
HP1525301T2D_E20.fastq,414806
HP1525301T2D_E21.fastq,453333
HP1525301T2D_E22.fastq,464159
HP1525301T2D_E23.fastq,562594
HP1525301T2D_E24.fastq,415354
HP1525301T2D_E2.fastq,257076
HP1525301T2D_E3.fastq,440691
HP1525301T2D_E4.fastq,34968
HP1525301T2D_E5.fastq,335135
HP1525301T2D_E6.fastq,491605
HP1525301T2D_E7.fastq,356995
HP1525301T2D_E8.fastq,380643
HP1525301T2D_E9.fastq,391089
HP1525301T2D_F10.fastq,346065
HP1525301T2D_F11.fastq,492145
HP1525301T2D_F12.fastq,326643
HP1525301T2D_F13.fastq,480209
HP1525301T2D_F14.fastq,433451
HP1525301T2D_F15.fastq,332314
HP1525301T2D_F16.fastq,352451
HP1525301T2D_F17.fastq,130450
HP1525301T2D_F18.fastq,119645
HP1525301T2D_F19.fastq,338818
HP1525301T2D_F1.fastq,92255
HP1525301T2D_F20.fastq,257690
HP1525301T2D_F21.fastq,450681
HP1525301T2D_F22.fastq,390560
HP1525301T2D_F23.fastq,391504
HP1525301T2D_F24.fastq,369487
HP1525301T2D_F2.fastq,131518
HP1525301T2D_F3.fastq,354502
HP1525301T2D_F4.fastq,281055
HP1525301T2D_F5.fastq,332037
HP1525301T2D_F6.fastq,48602
HP1525301T2D_F7.fastq,336333
HP1525301T2D_F8.fastq,141222
HP1525301T2D_F9.fastq,427001
HP1525301T2D_G10.fastq,379355
HP1525301T2D_G11.fastq,321096
HP1525301T2D_G12.fastq,508079
HP1525301T2D_G13.fastq,460065
HP1525301T2D_G14.fastq,172697
HP1525301T2D_G15.fastq,218449
HP1525301T2D_G16.fastq,281527
HP1525301T2D_G17.fastq,348931
HP1525301T2D_G18.fastq,176066
HP1525301T2D_G19.fastq,483969
HP1525301T2D_G1.fastq,393351
HP1525301T2D_G20.fastq,197966
HP1525301T2D_G21.fastq,423346
HP1525301T2D_G22.fastq,504139
HP1525301T2D_G23.fastq,442653
HP1525301T2D_G24.fastq,539249
HP1525301T2D_G2.fastq,222259
HP1525301T2D_G3.fastq,417205
HP1525301T2D_G4.fastq,398748
HP1525301T2D_G5.fastq,174616
HP1525301T2D_G6.fastq,300047
HP1525301T2D_G7.fastq,420946
HP1525301T2D_G8.fastq,301421
HP1525301T2D_G9.fastq,490828
HP1525301T2D_H10.fastq,332341
HP1525301T2D_H11.fastq,456359
HP1525301T2D_H12.fastq,546707
HP1525301T2D_H13.fastq,497108
HP1525301T2D_H14.fastq,301683
HP1525301T2D_H15.fastq,374724
HP1525301T2D_H16.fastq,431121
HP1525301T2D_H17.fastq,462391
HP1525301T2D_H18.fastq,489862
HP1525301T2D_H19.fastq,515959
HP1525301T2D_H1.fastq,584473
HP1525301T2D_H20.fastq,466954
HP1525301T2D_H21.fastq,538713
HP1525301T2D_H22.fastq,532976
HP1525301T2D_H23.fastq,461058
HP1525301T2D_H24.fastq,488483
HP1525301T2D_H2.fastq,487986
HP1525301T2D_H3.fastq,500898
HP1525301T2D_H4.fastq,399279
HP1525301T2D_H5.fastq,342872
HP1525301T2D_H6.fastq,431706
HP1525301T2D_H7.fastq,448926
HP1525301T2D_H8.fastq,294938
HP1525301T2D_H9.fastq,410660
HP1525301T2D_I10.fastq,403829
HP1525301T2D_I11.fastq,438326
HP1525301T2D_I12.fastq,466414
HP1525301T2D_I13.fastq,325887
HP1525301T2D_I14.fastq,274655
HP1525301T2D_I15.fastq,377721
HP1525301T2D_I16.fastq,446233
HP1525301T2D_I17.fastq,383184
HP1525301T2D_I18.fastq,412997
HP1525301T2D_I19.fastq,428619
HP1525301T2D_I1.fastq,386486
HP1525301T2D_I20.fastq,311630
HP1525301T2D_I21.fastq,424957
HP1525301T2D_I22.fastq,400700
HP1525301T2D_I23.fastq,386779
HP1525301T2D_I24.fastq,339773
HP1525301T2D_I2.fastq,397358
HP1525301T2D_I3.fastq,347170
HP1525301T2D_I4.fastq,388148
HP1525301T2D_I5.fastq,363288
HP1525301T2D_I6.fastq,323738
HP1525301T2D_I7.fastq,439801
HP1525301T2D_I8.fastq,258464
HP1525301T2D_I9.fastq,368832
HP1525301T2D_J10.fastq,461704
HP1525301T2D_J11.fastq,278389
HP1525301T2D_J12.fastq,393119
HP1525301T2D_J13.fastq,374128
HP1525301T2D_J14.fastq,438897
HP1525301T2D_J15.fastq,257734
HP1525301T2D_J16.fastq,365872
HP1525301T2D_J17.fastq,341971
HP1525301T2D_J18.fastq,224350
HP1525301T2D_J19.fastq,242779
HP1525301T2D_J1.fastq,466176
HP1525301T2D_J20.fastq,339641
HP1525301T2D_J21.fastq,414476
HP1525301T2D_J22.fastq,504447
HP1525301T2D_J23.fastq,218898
HP1525301T2D_J24.fastq,528035
HP1525301T2D_J2.fastq,247929
HP1525301T2D_J3.fastq,370001
HP1525301T2D_J4.fastq,320955
HP1525301T2D_J5.fastq,366760
HP1525301T2D_J6.fastq,102744
HP1525301T2D_J7.fastq,413927
HP1525301T2D_J8.fastq,253788
HP1525301T2D_J9.fastq,350245
HP1525301T2D_K10.fastq,480185
HP1525301T2D_K11.fastq,484321
HP1525301T2D_K12.fastq,339818
HP1525301T2D_K13.fastq,311223
HP1525301T2D_K14.fastq,480681
HP1525301T2D_K15.fastq,458224
HP1525301T2D_K16.fastq,493000
HP1525301T2D_K17.fastq,466151
HP1525301T2D_K18.fastq,285456
HP1525301T2D_K19.fastq,515067
HP1525301T2D_K1.fastq,377386
HP1525301T2D_K20.fastq,346107
HP1525301T2D_K21.fastq,395394
HP1525301T2D_K22.fastq,510242
HP1525301T2D_K23.fastq,439493
HP1525301T2D_K24.fastq,505380
HP1525301T2D_K2.fastq,437482
HP1525301T2D_K3.fastq,491397
HP1525301T2D_K4.fastq,268880
HP1525301T2D_K5.fastq,268332
HP1525301T2D_K6.fastq,174688
HP1525301T2D_K7.fastq,426043
HP1525301T2D_K8.fastq,187733
HP1525301T2D_K9.fastq,457203
HP1525301T2D_L10.fastq,536554
HP1525301T2D_L11.fastq,417033
HP1525301T2D_L12.fastq,555806
HP1525301T2D_L13.fastq,253841
HP1525301T2D_L14.fastq,439314
HP1525301T2D_L15.fastq,197237
HP1525301T2D_L16.fastq,325923
HP1525301T2D_L17.fastq,214009
HP1525301T2D_L18.fastq,362409
HP1525301T2D_L19.fastq,436087
HP1525301T2D_L1.fastq,465226
HP1525301T2D_L20.fastq,346327
HP1525301T2D_L21.fastq,326387
HP1525301T2D_L22.fastq,500894
HP1525301T2D_L23.fastq,393578
HP1525301T2D_L24.fastq,451074
HP1525301T2D_L2.fastq,423427
HP1525301T2D_L3.fastq,469887
HP1525301T2D_L4.fastq,348059
HP1525301T2D_L5.fastq,306852
HP1525301T2D_L6.fastq,345290
HP1525301T2D_L7.fastq,374535
HP1525301T2D_L8.fastq,357243
HP1525301T2D_L9.fastq,397762
HP1525301T2D_M10.fastq,577625
HP1525301T2D_M11.fastq,523425
HP1525301T2D_M12.fastq,512378
HP1525301T2D_M13.fastq,554413
HP1525301T2D_M14.fastq,275870
HP1525301T2D_M15.fastq,594122
HP1525301T2D_M16.fastq,532235
HP1525301T2D_M17.fastq,521591
HP1525301T2D_M18.fastq,357993
HP1525301T2D_M19.fastq,606278
HP1525301T2D_M1.fastq,501972
HP1525301T2D_M20.fastq,423373
HP1525301T2D_M21.fastq,644119
HP1525301T2D_M22.fastq,599694
HP1525301T2D_M23.fastq,662779
HP1525301T2D_M24.fastq,646200
HP1525301T2D_M2.fastq,483140
HP1525301T2D_M3.fastq,619401
HP1525301T2D_M4.fastq,423851
HP1525301T2D_M5.fastq,455324
HP1525301T2D_M6.fastq,410689
HP1525301T2D_M7.fastq,658119
HP1525301T2D_M8.fastq,400553
HP1525301T2D_M9.fastq,485463
HP1525301T2D_N10.fastq,528014
HP1525301T2D_N11.fastq,389480
HP1525301T2D_N12.fastq,474849
HP1525301T2D_N13.fastq,425895
HP1525301T2D_N14.fastq,449032
HP1525301T2D_N15.fastq,438633
HP1525301T2D_N16.fastq,397796
HP1525301T2D_N17.fastq,406011
HP1525301T2D_N18.fastq,318895
HP1525301T2D_N19.fastq,501543
HP1525301T2D_N1.fastq,543074
HP1525301T2D_N20.fastq,413436
HP1525301T2D_N21.fastq,468297
HP1525301T2D_N22.fastq,527542
HP1525301T2D_N23.fastq,396973
HP1525301T2D_N24.fastq,495635
HP1525301T2D_N2.fastq,289457
HP1525301T2D_N3.fastq,471338
HP1525301T2D_N4.fastq,391240
HP1525301T2D_N5.fastq,455444
HP1525301T2D_N6.fastq,422177
HP1525301T2D_N7.fastq,385786
HP1525301T2D_N8.fastq,403026
HP1525301T2D_N9.fastq,372753
HP1525301T2D_O10.fastq,501054
HP1525301T2D_O11.fastq,119153
HP1525301T2D_O12.fastq,414639
HP1525301T2D_O13.fastq,149418
HP1525301T2D_O14.fastq,335219
HP1525301T2D_O15.fastq,299529
HP1525301T2D_O16.fastq,448818
HP1525301T2D_O17.fastq,279815
HP1525301T2D_O18.fastq,330135
HP1525301T2D_O19.fastq,429344
HP1525301T2D_O1.fastq,238240
HP1525301T2D_O20.fastq,373338
HP1525301T2D_O21.fastq,443591
HP1525301T2D_O22.fastq,441317
HP1525301T2D_O23.fastq,335386
HP1525301T2D_O24.fastq,433564
HP1525301T2D_O2.fastq,260570
HP1525301T2D_O3.fastq,233357
HP1525301T2D_O4.fastq,243066
HP1525301T2D_O5.fastq,266847
HP1525301T2D_O6.fastq,285942
HP1525301T2D_O7.fastq,219410
HP1525301T2D_O8.fastq,385627
HP1525301T2D_O9.fastq,390140
HP1525301T2D_P10.fastq,400924
HP1525301T2D_P11.fastq,362215
HP1525301T2D_P12.fastq,400351
HP1525301T2D_P13.fastq,459509
HP1525301T2D_P14.fastq,420658
HP1525301T2D_P15.fastq,255536
HP1525301T2D_P16.fastq,327990
HP1525301T2D_P17.fastq,367003
HP1525301T2D_P18.fastq,277200
HP1525301T2D_P19.fastq,384900
HP1525301T2D_P1.fastq,561183
HP1525301T2D_P20.fastq,350325
HP1525301T2D_P21.fastq,335470
HP1525301T2D_P22.fastq,406058
HP1525301T2D_P23.fastq,406901
HP1525301T2D_P24.fastq,435877
HP1525301T2D_P2.fastq,353416
HP1525301T2D_P3.fastq,437840
HP1525301T2D_P4.fastq,321919
HP1525301T2D_P5.fastq,504660
HP1525301T2D_P6.fastq,399059
HP1525301T2D_P7.fastq,424818
HP1525301T2D_P8.fastq,319924
HP1525301T2D_P9.fastq,458484
HP1526901T2D_A10.fastq,648293
HP1526901T2D_A11.fastq,756503
HP1526901T2D_A12.fastq,749437
HP1526901T2D_A13.fastq,620599
HP1526901T2D_A14.fastq,768110
HP1526901T2D_A15.fastq,1004532
HP1526901T2D_A16.fastq,853764
HP1526901T2D_A17.fastq,799876
HP1526901T2D_A18.fastq,660563
HP1526901T2D_A19.fastq,855374
HP1526901T2D_A1.fastq,929978
HP1526901T2D_A20.fastq,777446
HP1526901T2D_A21.fastq,747182
HP1526901T2D_A22.fastq,772810
HP1526901T2D_A23.fastq,623058
HP1526901T2D_A24.fastq,752937
HP1526901T2D_A2.fastq,928551
HP1526901T2D_A3.fastq,1030147
HP1526901T2D_A4.fastq,814219
HP1526901T2D_A5.fastq,947590
HP1526901T2D_A6.fastq,510898
HP1526901T2D_A7.fastq,1003902
HP1526901T2D_A8.fastq,367120
HP1526901T2D_A9.fastq,367211
HP1526901T2D_B10.fastq,597645
HP1526901T2D_B11.fastq,719963
HP1526901T2D_B12.fastq,903798
HP1526901T2D_B13.fastq,745237
HP1526901T2D_B14.fastq,504698
HP1526901T2D_B15.fastq,361092
HP1526901T2D_B16.fastq,726000
HP1526901T2D_B17.fastq,656652
HP1526901T2D_B18.fastq,657566
HP1526901T2D_B19.fastq,695449
HP1526901T2D_B1.fastq,845231
HP1526901T2D_B20.fastq,605064
HP1526901T2D_B21.fastq,716650
HP1526901T2D_B22.fastq,654198
HP1526901T2D_B23.fastq,678991
HP1526901T2D_B24.fastq,724749
HP1526901T2D_B2.fastq,538424
HP1526901T2D_B3.fastq,776809
HP1526901T2D_B4.fastq,637259
HP1526901T2D_B5.fastq,741772
HP1526901T2D_B6.fastq,715781
HP1526901T2D_B7.fastq,620756
HP1526901T2D_B8.fastq,380139
HP1526901T2D_B9.fastq,667973
HP1526901T2D_C10.fastq,607504
HP1526901T2D_C11.fastq,644996
HP1526901T2D_C12.fastq,483247
HP1526901T2D_C13.fastq,647052
HP1526901T2D_C14.fastq,628222
HP1526901T2D_C15.fastq,591340
HP1526901T2D_C16.fastq,664232
HP1526901T2D_C17.fastq,449754
HP1526901T2D_C18.fastq,381374
HP1526901T2D_C19.fastq,577496
HP1526901T2D_C1.fastq,739080
HP1526901T2D_C20.fastq,463330
HP1526901T2D_C21.fastq,234151
HP1526901T2D_C22.fastq,477632
HP1526901T2D_C23.fastq,466176
HP1526901T2D_C24.fastq,405925
HP1526901T2D_C2.fastq,555538
HP1526901T2D_C3.fastq,741415
HP1526901T2D_C4.fastq,520762
HP1526901T2D_C5.fastq,571190
HP1526901T2D_C6.fastq,616830
HP1526901T2D_C7.fastq,641169
HP1526901T2D_C8.fastq,338787
HP1526901T2D_C9.fastq,445515
HP1526901T2D_D10.fastq,620744
HP1526901T2D_D11.fastq,514859
HP1526901T2D_D12.fastq,845944
HP1526901T2D_D13.fastq,418271
HP1526901T2D_D14.fastq,556899
HP1526901T2D_D15.fastq,286318
HP1526901T2D_D16.fastq,648205
HP1526901T2D_D17.fastq,413230
HP1526901T2D_D18.fastq,350529
HP1526901T2D_D19.fastq,633797
HP1526901T2D_D1.fastq,753799
HP1526901T2D_D20.fastq,253264
HP1526901T2D_D21.fastq,474668
HP1526901T2D_D22.fastq,553301
HP1526901T2D_D23.fastq,122722
HP1526901T2D_D24.fastq,680486
HP1526901T2D_D2.fastq,522708
HP1526901T2D_D3.fastq,722659
HP1526901T2D_D4.fastq,508004
HP1526901T2D_D5.fastq,633839
HP1526901T2D_D6.fastq,590359
HP1526901T2D_D7.fastq,466263
HP1526901T2D_D8.fastq,487461
HP1526901T2D_D9.fastq,644777
HP1526901T2D_E10.fastq,907417
HP1526901T2D_E11.fastq,848361
HP1526901T2D_E12.fastq,867875
HP1526901T2D_E13.fastq,895541
HP1526901T2D_E14.fastq,1036771
HP1526901T2D_E15.fastq,1040797
HP1526901T2D_E16.fastq,927756
HP1526901T2D_E17.fastq,687365
HP1526901T2D_E18.fastq,670402
HP1526901T2D_E19.fastq,842790
HP1526901T2D_E1.fastq,1064718
HP1526901T2D_E20.fastq,620376
HP1526901T2D_E21.fastq,650459
HP1526901T2D_E22.fastq,676607
HP1526901T2D_E23.fastq,723883
HP1526901T2D_E24.fastq,719429
HP1526901T2D_E2.fastq,851864
HP1526901T2D_E3.fastq,1036483
HP1526901T2D_E4.fastq,143141
HP1526901T2D_E5.fastq,1074834
HP1526901T2D_E6.fastq,896012
HP1526901T2D_E7.fastq,870576
HP1526901T2D_E8.fastq,732582
HP1526901T2D_E9.fastq,807332
HP1526901T2D_F10.fastq,856130
HP1526901T2D_F11.fastq,762847
HP1526901T2D_F12.fastq,785296
HP1526901T2D_F13.fastq,831936
HP1526901T2D_F14.fastq,903056
HP1526901T2D_F15.fastq,785034
HP1526901T2D_F16.fastq,683970
HP1526901T2D_F17.fastq,396079
HP1526901T2D_F18.fastq,336722
HP1526901T2D_F19.fastq,785591
HP1526901T2D_F1.fastq,288256
HP1526901T2D_F20.fastq,474216
HP1526901T2D_F21.fastq,741956
HP1526901T2D_F22.fastq,740547
HP1526901T2D_F23.fastq,888586
HP1526901T2D_F24.fastq,842106
HP1526901T2D_F2.fastq,431303
HP1526901T2D_F3.fastq,947859
HP1526901T2D_F4.fastq,545558
HP1526901T2D_F5.fastq,682737
HP1526901T2D_F6.fastq,136590
HP1526901T2D_F7.fastq,882210
HP1526901T2D_F8.fastq,337953
HP1526901T2D_F9.fastq,840125
HP1526901T2D_G10.fastq,978568
HP1526901T2D_G11.fastq,854766
HP1526901T2D_G12.fastq,883433
HP1526901T2D_G13.fastq,1298626
HP1526901T2D_G14.fastq,537385
HP1526901T2D_G15.fastq,485717
HP1526901T2D_G16.fastq,992841
HP1526901T2D_G17.fastq,803763
HP1526901T2D_G18.fastq,644016
HP1526901T2D_G19.fastq,1113702
HP1526901T2D_G1.fastq,926828
HP1526901T2D_G20.fastq,487715
HP1526901T2D_G21.fastq,923886
HP1526901T2D_G22.fastq,1084920
HP1526901T2D_G23.fastq,1128140
HP1526901T2D_G24.fastq,1120967
HP1526901T2D_G2.fastq,608167
HP1526901T2D_G3.fastq,939531
HP1526901T2D_G4.fastq,1018465
HP1526901T2D_G5.fastq,489396
HP1526901T2D_G6.fastq,595714
HP1526901T2D_G7.fastq,1180827
HP1526901T2D_G8.fastq,736421
HP1526901T2D_G9.fastq,1082843
HP1526901T2D_H10.fastq,848531
HP1526901T2D_H11.fastq,855303
HP1526901T2D_H12.fastq,1152532
HP1526901T2D_H13.fastq,945933
HP1526901T2D_H14.fastq,705524
HP1526901T2D_H15.fastq,931261
HP1526901T2D_H16.fastq,1078104
HP1526901T2D_H17.fastq,917405
HP1526901T2D_H18.fastq,1134379
HP1526901T2D_H19.fastq,1048716
HP1526901T2D_H1.fastq,960711
HP1526901T2D_H20.fastq,862320
HP1526901T2D_H21.fastq,1159709
HP1526901T2D_H22.fastq,1143421
HP1526901T2D_H23.fastq,1217141
HP1526901T2D_H24.fastq,1134047
HP1526901T2D_H2.fastq,1010903
HP1526901T2D_H3.fastq,1182006
HP1526901T2D_H4.fastq,843624
HP1526901T2D_H5.fastq,940958
HP1526901T2D_H6.fastq,947975
HP1526901T2D_H7.fastq,806414
HP1526901T2D_H8.fastq,748839
HP1526901T2D_H9.fastq,725779
HP1526901T2D_I10.fastq,900571
HP1526901T2D_I11.fastq,918488
HP1526901T2D_I12.fastq,888923
HP1526901T2D_I13.fastq,819217
HP1526901T2D_I14.fastq,878470
HP1526901T2D_I15.fastq,840156
HP1526901T2D_I16.fastq,852930
HP1526901T2D_I17.fastq,489272
HP1526901T2D_I18.fastq,810718
HP1526901T2D_I19.fastq,537763
HP1526901T2D_I1.fastq,577860
HP1526901T2D_I20.fastq,518607
HP1526901T2D_I21.fastq,586457
HP1526901T2D_I22.fastq,620762
HP1526901T2D_I23.fastq,420174
HP1526901T2D_I24.fastq,508536
HP1526901T2D_I2.fastq,571227
HP1526901T2D_I3.fastq,860689
HP1526901T2D_I4.fastq,762892
HP1526901T2D_I5.fastq,579292
HP1526901T2D_I6.fastq,807958
HP1526901T2D_I7.fastq,958812
HP1526901T2D_I8.fastq,611613
HP1526901T2D_I9.fastq,834870
HP1526901T2D_J10.fastq,660711
HP1526901T2D_J11.fastq,713185
HP1526901T2D_J12.fastq,930428
HP1526901T2D_J13.fastq,849015
HP1526901T2D_J14.fastq,752874
HP1526901T2D_J15.fastq,648636
HP1526901T2D_J16.fastq,841043
HP1526901T2D_J17.fastq,678519
HP1526901T2D_J18.fastq,488028
HP1526901T2D_J19.fastq,644288
HP1526901T2D_J1.fastq,780685
HP1526901T2D_J20.fastq,642697
HP1526901T2D_J21.fastq,998922
HP1526901T2D_J22.fastq,980424
HP1526901T2D_J23.fastq,553408
HP1526901T2D_J24.fastq,862634
HP1526901T2D_J2.fastq,426395
HP1526901T2D_J3.fastq,876145
HP1526901T2D_J4.fastq,506158
HP1526901T2D_J5.fastq,706529
HP1526901T2D_J6.fastq,274243
HP1526901T2D_J7.fastq,562420
HP1526901T2D_J8.fastq,542963
HP1526901T2D_J9.fastq,721716
HP1526901T2D_K10.fastq,1032425
HP1526901T2D_K11.fastq,1193843
HP1526901T2D_K12.fastq,1005127
HP1526901T2D_K13.fastq,1366013
HP1526901T2D_K14.fastq,1066128
HP1526901T2D_K15.fastq,1159167
HP1526901T2D_K16.fastq,1324659
HP1526901T2D_K17.fastq,767968
HP1526901T2D_K18.fastq,877165
HP1526901T2D_K19.fastq,1009832
HP1526901T2D_K1.fastq,1067102
HP1526901T2D_K20.fastq,871728
HP1526901T2D_K21.fastq,961462
HP1526901T2D_K22.fastq,1214670
HP1526901T2D_K23.fastq,1242813
HP1526901T2D_K24.fastq,1129636
HP1526901T2D_K2.fastq,1006305
HP1526901T2D_K3.fastq,1105094
HP1526901T2D_K4.fastq,768056
HP1526901T2D_K5.fastq,914119
HP1526901T2D_K6.fastq,513961
HP1526901T2D_K7.fastq,1049030
HP1526901T2D_K8.fastq,583351
HP1526901T2D_K9.fastq,954809
HP1526901T2D_L10.fastq,681229
HP1526901T2D_L11.fastq,555957
HP1526901T2D_L12.fastq,755681
HP1526901T2D_L13.fastq,695474
HP1526901T2D_L14.fastq,650444
HP1526901T2D_L15.fastq,389025
HP1526901T2D_L16.fastq,736557
HP1526901T2D_L17.fastq,428612
HP1526901T2D_L18.fastq,452822
HP1526901T2D_L19.fastq,706359
HP1526901T2D_L1.fastq,1076282
HP1526901T2D_L20.fastq,560585
HP1526901T2D_L21.fastq,1019248
HP1526901T2D_L22.fastq,842450
HP1526901T2D_L23.fastq,981140
HP1526901T2D_L24.fastq,940770
HP1526901T2D_L2.fastq,760391
HP1526901T2D_L3.fastq,675325
HP1526901T2D_L4.fastq,537202
HP1526901T2D_L5.fastq,780580
HP1526901T2D_L6.fastq,580712
HP1526901T2D_L7.fastq,647077
HP1526901T2D_L8.fastq,431737
HP1526901T2D_L9.fastq,552428
HP1526901T2D_M10.fastq,1287455
HP1526901T2D_M11.fastq,1317885
HP1526901T2D_M12.fastq,1302557
HP1526901T2D_M13.fastq,1262248
HP1526901T2D_M14.fastq,1239242
HP1526901T2D_M15.fastq,1241496
HP1526901T2D_M16.fastq,936772
HP1526901T2D_M17.fastq,862588
HP1526901T2D_M18.fastq,754427
HP1526901T2D_M19.fastq,977475
HP1526901T2D_M1.fastq,1101779
HP1526901T2D_M20.fastq,929293
HP1526901T2D_M21.fastq,1259227
HP1526901T2D_M22.fastq,1246562
HP1526901T2D_M23.fastq,1134984
HP1526901T2D_M24.fastq,963628
HP1526901T2D_M2.fastq,644323
HP1526901T2D_M3.fastq,1188455
HP1526901T2D_M4.fastq,1028615
HP1526901T2D_M5.fastq,1262078
HP1526901T2D_M6.fastq,779272
HP1526901T2D_M7.fastq,1267707
HP1526901T2D_M8.fastq,986401
HP1526901T2D_M9.fastq,1028345
HP1526901T2D_N10.fastq,774315
HP1526901T2D_N11.fastq,807813
HP1526901T2D_N12.fastq,978853
HP1526901T2D_N13.fastq,820711
HP1526901T2D_N14.fastq,872867
HP1526901T2D_N15.fastq,787448
HP1526901T2D_N16.fastq,914693
HP1526901T2D_N17.fastq,804739
HP1526901T2D_N18.fastq,573324
HP1526901T2D_N19.fastq,938328
HP1526901T2D_N1.fastq,1218414
HP1526901T2D_N20.fastq,776880
HP1526901T2D_N21.fastq,842611
HP1526901T2D_N22.fastq,933927
HP1526901T2D_N23.fastq,1073293
HP1526901T2D_N24.fastq,1078183
HP1526901T2D_N2.fastq,601334
HP1526901T2D_N3.fastq,935836
HP1526901T2D_N4.fastq,301410
HP1526901T2D_N5.fastq,714295
HP1526901T2D_N6.fastq,749442
HP1526901T2D_N7.fastq,393400
HP1526901T2D_N8.fastq,509177
HP1526901T2D_N9.fastq,899478
HP1526901T2D_O10.fastq,913411
HP1526901T2D_O11.fastq,369691
HP1526901T2D_O12.fastq,886230
HP1526901T2D_O13.fastq,336570
HP1526901T2D_O14.fastq,870444
HP1526901T2D_O15.fastq,580899
HP1526901T2D_O16.fastq,751887
HP1526901T2D_O17.fastq,563428
HP1526901T2D_O18.fastq,748077
HP1526901T2D_O19.fastq,679291
HP1526901T2D_O1.fastq,634464
HP1526901T2D_O20.fastq,701559
HP1526901T2D_O21.fastq,680814
HP1526901T2D_O22.fastq,798701
HP1526901T2D_O23.fastq,769771
HP1526901T2D_O24.fastq,597949
HP1526901T2D_O2.fastq,542952
HP1526901T2D_O3.fastq,628761
HP1526901T2D_O4.fastq,395918
HP1526901T2D_O5.fastq,613923
HP1526901T2D_O6.fastq,750942
HP1526901T2D_O7.fastq,593846
HP1526901T2D_O8.fastq,572347
HP1526901T2D_O9.fastq,728340
HP1526901T2D_P10.fastq,373463
HP1526901T2D_P11.fastq,314278
HP1526901T2D_P12.fastq,572121
HP1526901T2D_P13.fastq,515469
HP1526901T2D_P14.fastq,441856
HP1526901T2D_P15.fastq,216269
HP1526901T2D_P16.fastq,336786
HP1526901T2D_P17.fastq,429046
HP1526901T2D_P18.fastq,341742
HP1526901T2D_P19.fastq,544799
HP1526901T2D_P1.fastq,624477
HP1526901T2D_P20.fastq,455633
HP1526901T2D_P21.fastq,644547
HP1526901T2D_P22.fastq,687341
HP1526901T2D_P23.fastq,720518
HP1526901T2D_P24.fastq,434016
HP1526901T2D_P2.fastq,387520
HP1526901T2D_P3.fastq,390436
HP1526901T2D_P4.fastq,319418
HP1526901T2D_P5.fastq,320327
HP1526901T2D_P6.fastq,236106
HP1526901T2D_P7.fastq,431561
HP1526901T2D_P8.fastq,484477
HP1526901T2D_P9.fastq,430028
